points,constructorId,raceId,year,name,driverId,grid,positionOrder,team_grid,skill_diff
37.0,6,969,2017,Australian Grand Prix,20.0,2.0,20.0,3.0,-1.0
0.0,210,969,2017,Australian Grand Prix,154.0,6.0,1.0,11.5,-5.5
0.0,210,969,2017,Australian Grand Prix,825.0,17.0,6.0,11.5,5.5
0.0,1,969,2017,Australian Grand Prix,4.0,12.0,7.0,15.0,-3.0
0.0,1,969,2017,Australian Grand Prix,838.0,18.0,8.0,15.0,3.0
0.0,15,969,2017,Australian Grand Prix,828.0,14.0,3.0,15.0,-1.0
0.0,4,969,2017,Australian Grand Prix,835.0,19.0,2.0,15.0,4.0
0.0,4,969,2017,Australian Grand Prix,807.0,11.0,10.0,15.0,-4.0
6.0,5,969,2017,Australian Grand Prix,826.0,9.0,12.0,8.5,0.5
6.0,5,969,2017,Australian Grand Prix,832.0,8.0,13.0,8.5,-0.5
0.0,15,969,2017,Australian Grand Prix,841.0,16.0,9.0,15.0,1.0
7.0,10,969,2017,Australian Grand Prix,815.0,10.0,14.0,11.5,-1.5
8.0,3,969,2017,Australian Grand Prix,840.0,20.0,5.0,13.5,6.5
8.0,3,969,2017,Australian Grand Prix,13.0,7.0,15.0,13.5,-6.5
10.0,9,969,2017,Australian Grand Prix,817.0,20.0,4.0,2.5,-2.5
10.0,9,969,2017,Australian Grand Prix,830.0,5.0,16.0,2.5,2.5
33.0,131,969,2017,Australian Grand Prix,822.0,3.0,18.0,2.0,1.0
33.0,131,969,2017,Australian Grand Prix,1.0,1.0,19.0,2.0,-1.0
37.0,6,969,2017,Australian Grand Prix,8.0,4.0,17.0,3.0,1.0
7.0,10,969,2017,Australian Grand Prix,839.0,13.0,11.0,11.5,1.5
0.0,4,970,2017,Chinese Grand Prix,807.0,7.0,9.0,13.5,-6.5
0.0,4,970,2017,Chinese Grand Prix,835.0,20.0,8.0,13.5,6.5
0.0,15,970,2017,Chinese Grand Prix,828.0,14.0,6.0,16.0,-2.0
0.0,15,970,2017,Chinese Grand Prix,841.0,18.0,2.0,16.0,2.0
4.0,210,970,2017,Chinese Grand Prix,154.0,19.0,10.0,15.5,3.5
0.0,1,970,2017,Chinese Grand Prix,838.0,15.0,3.0,14.0,1.0
4.0,210,970,2017,Chinese Grand Prix,825.0,12.0,13.0,15.5,-3.5
12.0,5,970,2017,Chinese Grand Prix,826.0,9.0,4.0,10.0,-1.0
0.0,1,970,2017,Chinese Grand Prix,4.0,13.0,5.0,14.0,-1.0
12.0,5,970,2017,Chinese Grand Prix,832.0,11.0,14.0,10.0,1.0
37.0,9,970,2017,Chinese Grand Prix,830.0,16.0,18.0,10.5,5.5
10.0,10,970,2017,Chinese Grand Prix,815.0,8.0,12.0,12.5,-4.5
10.0,10,970,2017,Chinese Grand Prix,839.0,17.0,11.0,12.5,4.5
65.0,6,970,2017,Chinese Grand Prix,8.0,4.0,16.0,3.0,1.0
66.0,131,970,2017,Chinese Grand Prix,1.0,1.0,20.0,2.0,-1.0
66.0,131,970,2017,Chinese Grand Prix,822.0,3.0,15.0,2.0,1.0
65.0,6,970,2017,Chinese Grand Prix,20.0,2.0,19.0,3.0,-1.0
37.0,9,970,2017,Chinese Grand Prix,817.0,5.0,17.0,10.5,-5.5
8.0,3,970,2017,Chinese Grand Prix,13.0,6.0,7.0,8.0,-2.0
8.0,3,970,2017,Chinese Grand Prix,840.0,10.0,1.0,8.0,2.0
8.0,210,971,2017,Bahrain Grand Prix,825.0,20.0,2.0,14.5,5.5
8.0,210,971,2017,Bahrain Grand Prix,154.0,9.0,13.0,14.5,-5.5
0.0,1,971,2017,Bahrain Grand Prix,838.0,17.0,1.0,16.0,1.0
0.0,1,971,2017,Bahrain Grand Prix,4.0,15.0,7.0,16.0,-1.0
0.0,15,971,2017,Bahrain Grand Prix,828.0,19.0,6.0,16.0,3.0
2.0,4,971,2017,Bahrain Grand Prix,835.0,10.0,8.0,8.5,1.5
2.0,4,971,2017,Bahrain Grand Prix,807.0,7.0,12.0,8.5,-1.5
12.0,5,971,2017,Bahrain Grand Prix,832.0,16.0,5.0,13.5,2.5
12.0,5,971,2017,Bahrain Grand Prix,826.0,11.0,9.0,13.5,-2.5
0.0,15,971,2017,Bahrain Grand Prix,836.0,13.0,10.0,16.0,-3.0
17.0,10,971,2017,Bahrain Grand Prix,815.0,18.0,14.0,16.0,2.0
102.0,6,971,2017,Bahrain Grand Prix,8.0,5.0,17.0,4.0,1.0
99.0,131,971,2017,Bahrain Grand Prix,1.0,2.0,19.0,1.5,0.5
99.0,131,971,2017,Bahrain Grand Prix,822.0,1.0,18.0,1.5,-0.5
47.0,9,971,2017,Bahrain Grand Prix,817.0,4.0,16.0,5.0,-1.0
102.0,6,971,2017,Bahrain Grand Prix,20.0,3.0,20.0,4.0,-1.0
47.0,9,971,2017,Bahrain Grand Prix,830.0,6.0,3.0,5.0,1.0
16.0,3,971,2017,Bahrain Grand Prix,13.0,8.0,15.0,10.0,-2.0
16.0,3,971,2017,Bahrain Grand Prix,840.0,12.0,4.0,10.0,2.0
17.0,10,971,2017,Bahrain Grand Prix,839.0,14.0,11.0,16.0,-2.0
13.0,5,972,2017,Russian Grand Prix,826.0,12.0,9.0,13.0,-1.0
8.0,210,972,2017,Russian Grand Prix,825.0,13.0,8.0,16.0,-3.0
0.0,1,972,2017,Russian Grand Prix,4.0,15.0,1.0,17.5,-2.5
0.0,1,972,2017,Russian Grand Prix,838.0,20.0,7.0,17.5,2.5
0.0,15,972,2017,Russian Grand Prix,836.0,17.0,5.0,17.5,-0.5
0.0,15,972,2017,Russian Grand Prix,828.0,18.0,6.0,17.5,0.5
6.0,4,972,2017,Russian Grand Prix,835.0,16.0,3.0,12.0,4.0
6.0,4,972,2017,Russian Grand Prix,807.0,8.0,13.0,12.0,-4.0
13.0,5,972,2017,Russian Grand Prix,832.0,14.0,11.0,13.0,1.0
8.0,210,972,2017,Russian Grand Prix,154.0,19.0,2.0,16.0,3.0
31.0,10,972,2017,Russian Grand Prix,815.0,9.0,15.0,9.5,-0.5
135.0,6,972,2017,Russian Grand Prix,20.0,1.0,19.0,1.5,-0.5
135.0,6,972,2017,Russian Grand Prix,8.0,2.0,18.0,1.5,0.5
136.0,131,972,2017,Russian Grand Prix,822.0,3.0,20.0,3.5,-0.5
136.0,131,972,2017,Russian Grand Prix,1.0,4.0,17.0,3.5,0.5
31.0,10,972,2017,Russian Grand Prix,839.0,10.0,14.0,9.5,0.5
57.0,9,972,2017,Russian Grand Prix,817.0,5.0,4.0,6.0,-1.0
18.0,3,972,2017,Russian Grand Prix,13.0,6.0,12.0,8.5,-2.5
18.0,3,972,2017,Russian Grand Prix,840.0,11.0,10.0,8.5,2.5
57.0,9,972,2017,Russian Grand Prix,830.0,7.0,16.0,6.0,1.0
21.0,5,973,2017,Spanish Grand Prix,832.0,12.0,14.0,15.5,-3.5
9.0,210,973,2017,Spanish Grand Prix,154.0,14.0,11.0,12.5,1.5
0.0,1,973,2017,Spanish Grand Prix,838.0,20.0,3.0,13.5,6.5
0.0,1,973,2017,Spanish Grand Prix,4.0,7.0,9.0,13.5,-6.5
4.0,15,973,2017,Spanish Grand Prix,828.0,16.0,10.0,15.5,0.5
4.0,15,973,2017,Spanish Grand Prix,836.0,15.0,13.0,15.5,-0.5
14.0,4,973,2017,Spanish Grand Prix,835.0,17.0,6.0,15.0,2.0
14.0,4,973,2017,Spanish Grand Prix,807.0,13.0,15.0,15.0,-2.0
21.0,5,973,2017,Spanish Grand Prix,826.0,19.0,12.0,15.5,3.5
9.0,210,973,2017,Spanish Grand Prix,825.0,11.0,7.0,12.5,-1.5
53.0,10,973,2017,Spanish Grand Prix,839.0,10.0,16.0,9.0,1.0
18.0,3,973,2017,Spanish Grand Prix,840.0,18.0,5.0,13.5,4.5
18.0,3,973,2017,Spanish Grand Prix,13.0,9.0,8.0,13.5,-4.5
72.0,9,973,2017,Spanish Grand Prix,830.0,5.0,2.0,5.5,-0.5
72.0,9,973,2017,Spanish Grand Prix,817.0,6.0,18.0,5.5,0.5
161.0,131,973,2017,Spanish Grand Prix,822.0,3.0,4.0,2.0,1.0
161.0,131,973,2017,Spanish Grand Prix,1.0,1.0,20.0,2.0,-1.0
153.0,6,973,2017,Spanish Grand Prix,8.0,4.0,1.0,3.0,1.0
153.0,6,973,2017,Spanish Grand Prix,20.0,2.0,19.0,3.0,-1.0
53.0,10,973,2017,Spanish Grand Prix,815.0,8.0,17.0,9.0,-1.0
14.0,4,974,2017,Monaco Grand Prix,835.0,16.0,10.0,13.0,3.0
14.0,4,974,2017,Monaco Grand Prix,807.0,10.0,1.0,13.0,-3.0
4.0,15,974,2017,Monaco Grand Prix,828.0,19.0,4.0,18.5,0.5
4.0,15,974,2017,Monaco Grand Prix,836.0,18.0,2.0,18.5,-0.5
14.0,210,974,2017,Monaco Grand Prix,825.0,11.0,11.0,9.5,1.5
0.0,1,974,2017,Monaco Grand Prix,18.0,20.0,3.0,16.0,4.0
14.0,210,974,2017,Monaco Grand Prix,154.0,8.0,13.0,9.5,-1.5
29.0,5,974,2017,Monaco Grand Prix,826.0,9.0,7.0,7.5,1.5
0.0,1,974,2017,Monaco Grand Prix,838.0,12.0,5.0,16.0,-4.0
29.0,5,974,2017,Monaco Grand Prix,832.0,6.0,15.0,7.5,-1.5
97.0,9,974,2017,Monaco Grand Prix,817.0,5.0,18.0,4.5,0.5
53.0,10,974,2017,Monaco Grand Prix,839.0,15.0,9.0,11.0,4.0
20.0,3,974,2017,Monaco Grand Prix,840.0,17.0,6.0,15.5,1.5
20.0,3,974,2017,Monaco Grand Prix,13.0,14.0,12.0,15.5,-1.5
97.0,9,974,2017,Monaco Grand Prix,830.0,4.0,16.0,4.5,-0.5
53.0,10,974,2017,Monaco Grand Prix,815.0,7.0,8.0,11.0,-4.0
179.0,131,974,2017,Monaco Grand Prix,1.0,13.0,14.0,8.0,5.0
179.0,131,974,2017,Monaco Grand Prix,822.0,3.0,17.0,8.0,-5.0
196.0,6,974,2017,Monaco Grand Prix,8.0,1.0,19.0,1.5,-0.5
196.0,6,974,2017,Monaco Grand Prix,20.0,2.0,20.0,1.5,0.5
18.0,4,975,2017,Canadian Grand Prix,807.0,10.0,13.0,12.5,-2.5
18.0,4,975,2017,Canadian Grand Prix,835.0,15.0,10.0,12.5,2.5
4.0,15,975,2017,Canadian Grand Prix,828.0,19.0,8.0,19.5,-0.5
4.0,15,975,2017,Canadian Grand Prix,836.0,20.0,6.0,19.5,0.5
15.0,210,975,2017,Canadian Grand Prix,825.0,18.0,9.0,16.0,2.0
0.0,1,975,2017,Canadian Grand Prix,4.0,12.0,5.0,14.0,-2.0
15.0,210,975,2017,Canadian Grand Prix,154.0,14.0,11.0,16.0,-2.0
29.0,5,975,2017,Canadian Grand Prix,832.0,13.0,1.0,12.0,1.0
0.0,1,975,2017,Canadian Grand Prix,838.0,16.0,7.0,14.0,2.0
29.0,5,975,2017,Canadian Grand Prix,826.0,11.0,4.0,12.0,-1.0
71.0,10,975,2017,Canadian Grand Prix,839.0,9.0,15.0,8.5,0.5
71.0,10,975,2017,Canadian Grand Prix,815.0,8.0,16.0,8.5,-0.5
214.0,6,975,2017,Canadian Grand Prix,8.0,4.0,14.0,3.0,1.0
222.0,131,975,2017,Canadian Grand Prix,1.0,1.0,20.0,2.0,-1.0
222.0,131,975,2017,Canadian Grand Prix,822.0,3.0,19.0,2.0,1.0
214.0,6,975,2017,Canadian Grand Prix,20.0,2.0,17.0,3.0,-1.0
112.0,9,975,2017,Canadian Grand Prix,830.0,5.0,3.0,5.5,-0.5
22.0,3,975,2017,Canadian Grand Prix,840.0,17.0,12.0,12.0,5.0
22.0,3,975,2017,Canadian Grand Prix,13.0,7.0,2.0,12.0,-5.0
112.0,9,975,2017,Canadian Grand Prix,817.0,6.0,18.0,5.5,0.5
33.0,5,976,2017,Azerbaijan Grand Prix,826.0,11.0,2.0,13.0,-2.0
21.0,210,976,2017,Azerbaijan Grand Prix,825.0,12.0,14.0,14.0,-2.0
2.0,1,976,2017,Azerbaijan Grand Prix,838.0,18.0,9.0,18.5,-0.5
2.0,1,976,2017,Azerbaijan Grand Prix,4.0,19.0,12.0,18.5,0.5
5.0,15,976,2017,Azerbaijan Grand Prix,828.0,17.0,10.0,15.5,1.5
5.0,15,976,2017,Azerbaijan Grand Prix,836.0,14.0,11.0,15.5,-1.5
18.0,4,976,2017,Azerbaijan Grand Prix,835.0,20.0,1.0,16.5,3.5
18.0,4,976,2017,Azerbaijan Grand Prix,807.0,13.0,4.0,16.5,-3.5
33.0,5,976,2017,Azerbaijan Grand Prix,832.0,15.0,13.0,13.0,2.0
21.0,210,976,2017,Azerbaijan Grand Prix,154.0,16.0,8.0,14.0,2.0
79.0,10,976,2017,Azerbaijan Grand Prix,839.0,7.0,15.0,6.5,0.5
226.0,6,976,2017,Azerbaijan Grand Prix,20.0,4.0,17.0,3.5,0.5
226.0,6,976,2017,Azerbaijan Grand Prix,8.0,3.0,7.0,3.5,-0.5
250.0,131,976,2017,Azerbaijan Grand Prix,822.0,2.0,19.0,1.5,0.5
250.0,131,976,2017,Azerbaijan Grand Prix,1.0,1.0,16.0,1.5,-0.5
79.0,10,976,2017,Azerbaijan Grand Prix,815.0,6.0,6.0,6.5,-0.5
137.0,9,976,2017,Azerbaijan Grand Prix,830.0,5.0,3.0,7.5,-2.5
37.0,3,976,2017,Azerbaijan Grand Prix,840.0,8.0,18.0,8.5,-0.5
37.0,3,976,2017,Azerbaijan Grand Prix,13.0,9.0,5.0,8.5,0.5
137.0,9,976,2017,Azerbaijan Grand Prix,817.0,10.0,20.0,7.5,2.5
33.0,5,977,2017,Austrian Grand Prix,832.0,10.0,4.0,12.0,-2.0
29.0,210,977,2017,Austrian Grand Prix,154.0,6.0,15.0,10.5,-4.5
2.0,1,977,2017,Austrian Grand Prix,4.0,12.0,2.0,12.5,-0.5
2.0,1,977,2017,Austrian Grand Prix,838.0,13.0,9.0,12.5,0.5
5.0,15,977,2017,Austrian Grand Prix,828.0,19.0,6.0,19.5,-0.5
5.0,15,977,2017,Austrian Grand Prix,836.0,20.0,7.0,19.5,0.5
18.0,4,977,2017,Austrian Grand Prix,807.0,11.0,8.0,13.5,-2.5
18.0,4,977,2017,Austrian Grand Prix,835.0,16.0,10.0,13.5,2.5
33.0,5,977,2017,Austrian Grand Prix,826.0,14.0,5.0,12.0,2.0
29.0,210,977,2017,Austrian Grand Prix,825.0,15.0,3.0,10.5,4.5
89.0,10,977,2017,Austrian Grand Prix,815.0,7.0,14.0,8.0,-1.0
254.0,6,977,2017,Austrian Grand Prix,20.0,2.0,19.0,2.5,-0.5
254.0,6,977,2017,Austrian Grand Prix,8.0,3.0,16.0,2.5,0.5
287.0,131,977,2017,Austrian Grand Prix,822.0,1.0,20.0,4.5,-3.5
287.0,131,977,2017,Austrian Grand Prix,1.0,8.0,17.0,4.5,3.5
89.0,10,977,2017,Austrian Grand Prix,839.0,9.0,13.0,8.0,1.0
152.0,9,977,2017,Austrian Grand Prix,830.0,5.0,1.0,4.5,0.5
40.0,3,977,2017,Austrian Grand Prix,13.0,17.0,12.0,17.5,-0.5
40.0,3,977,2017,Austrian Grand Prix,840.0,18.0,11.0,17.5,0.5
152.0,9,977,2017,Austrian Grand Prix,817.0,4.0,18.0,4.5,-0.5
33.0,5,978,2017,British Grand Prix,826.0,12.0,6.0,12.5,-0.5
29.0,210,978,2017,British Grand Prix,825.0,16.0,9.0,13.0,3.0
2.0,1,978,2017,British Grand Prix,4.0,20.0,3.0,14.0,6.0
2.0,1,978,2017,British Grand Prix,838.0,8.0,10.0,14.0,-6.0
5.0,15,978,2017,British Grand Prix,836.0,17.0,4.0,17.5,-0.5
5.0,15,978,2017,British Grand Prix,828.0,18.0,7.0,17.5,0.5
26.0,4,978,2017,British Grand Prix,835.0,11.0,1.0,8.0,3.0
26.0,4,978,2017,British Grand Prix,807.0,5.0,15.0,8.0,-3.0
33.0,5,978,2017,British Grand Prix,832.0,13.0,2.0,12.5,0.5
29.0,210,978,2017,British Grand Prix,154.0,10.0,8.0,13.0,-3.0
95.0,10,978,2017,British Grand Prix,815.0,6.0,12.0,6.5,-0.5
41.0,3,978,2017,British Grand Prix,840.0,15.0,5.0,14.5,0.5
41.0,3,978,2017,British Grand Prix,13.0,14.0,11.0,14.5,-0.5
174.0,9,978,2017,British Grand Prix,817.0,19.0,16.0,11.5,7.5
174.0,9,978,2017,British Grand Prix,830.0,4.0,17.0,11.5,-7.5
330.0,131,978,2017,British Grand Prix,822.0,9.0,19.0,5.0,4.0
330.0,131,978,2017,British Grand Prix,1.0,1.0,20.0,5.0,-4.0
275.0,6,978,2017,British Grand Prix,20.0,3.0,14.0,2.5,0.5
275.0,6,978,2017,British Grand Prix,8.0,2.0,18.0,2.5,-0.5
95.0,10,978,2017,British Grand Prix,839.0,7.0,13.0,6.5,0.5
26.0,4,979,2017,Hungarian Grand Prix,835.0,10.0,9.0,11.0,-1.0
26.0,4,979,2017,Hungarian Grand Prix,807.0,12.0,4.0,11.0,1.0
5.0,15,979,2017,Hungarian Grand Prix,828.0,20.0,5.0,19.0,1.0
39.0,5,979,2017,Hungarian Grand Prix,826.0,16.0,10.0,12.5,3.5
11.0,1,979,2017,Hungarian Grand Prix,838.0,8.0,11.0,7.5,0.5
29.0,210,979,2017,Hungarian Grand Prix,825.0,15.0,8.0,14.5,0.5
29.0,210,979,2017,Hungarian Grand Prix,154.0,14.0,2.0,14.5,-0.5
11.0,1,979,2017,Hungarian Grand Prix,4.0,7.0,15.0,7.5,-0.5
39.0,5,979,2017,Hungarian Grand Prix,832.0,9.0,14.0,12.5,-3.5
5.0,15,979,2017,Hungarian Grand Prix,836.0,18.0,6.0,19.0,-1.0
101.0,10,979,2017,Hungarian Grand Prix,815.0,13.0,13.0,12.0,1.0
318.0,6,979,2017,Hungarian Grand Prix,8.0,2.0,19.0,1.5,0.5
357.0,131,979,2017,Hungarian Grand Prix,822.0,3.0,18.0,3.5,-0.5
357.0,131,979,2017,Hungarian Grand Prix,1.0,4.0,17.0,3.5,0.5
184.0,9,979,2017,Hungarian Grand Prix,830.0,5.0,16.0,5.5,-0.5
318.0,6,979,2017,Hungarian Grand Prix,20.0,1.0,20.0,1.5,-0.5
184.0,9,979,2017,Hungarian Grand Prix,817.0,6.0,1.0,5.5,0.5
41.0,3,979,2017,Hungarian Grand Prix,840.0,17.0,7.0,18.0,-1.0
41.0,3,979,2017,Hungarian Grand Prix,814.0,19.0,3.0,18.0,1.0
101.0,10,979,2017,Hungarian Grand Prix,839.0,11.0,12.0,12.0,-1.0
40.0,5,980,2017,Belgian Grand Prix,826.0,19.0,9.0,16.0,3.0
35.0,210,980,2017,Belgian Grand Prix,825.0,12.0,6.0,11.5,0.5
35.0,210,980,2017,Belgian Grand Prix,154.0,11.0,14.0,11.5,-0.5
11.0,1,980,2017,Belgian Grand Prix,4.0,10.0,3.0,15.0,-5.0
11.0,1,980,2017,Belgian Grand Prix,838.0,20.0,7.0,15.0,5.0
5.0,15,980,2017,Belgian Grand Prix,836.0,18.0,1.0,17.5,0.5
5.0,15,980,2017,Belgian Grand Prix,828.0,17.0,5.0,17.5,-0.5
34.0,4,980,2017,Belgian Grand Prix,835.0,14.0,8.0,10.5,3.5
34.0,4,980,2017,Belgian Grand Prix,807.0,7.0,15.0,10.5,-3.5
40.0,5,980,2017,Belgian Grand Prix,832.0,13.0,11.0,16.0,-3.0
103.0,10,980,2017,Belgian Grand Prix,815.0,8.0,4.0,8.5,-0.5
103.0,10,980,2017,Belgian Grand Prix,839.0,9.0,12.0,8.5,0.5
348.0,6,980,2017,Belgian Grand Prix,8.0,4.0,17.0,3.0,1.0
392.0,131,980,2017,Belgian Grand Prix,1.0,1.0,20.0,2.0,-1.0
392.0,131,980,2017,Belgian Grand Prix,822.0,3.0,16.0,2.0,1.0
348.0,6,980,2017,Belgian Grand Prix,20.0,2.0,19.0,3.0,-1.0
199.0,9,980,2017,Belgian Grand Prix,830.0,5.0,2.0,5.5,-0.5
45.0,3,980,2017,Belgian Grand Prix,13.0,16.0,13.0,15.5,0.5
45.0,3,980,2017,Belgian Grand Prix,840.0,15.0,10.0,15.5,-0.5
199.0,9,980,2017,Belgian Grand Prix,817.0,6.0,18.0,5.5,0.5
40.0,5,981,2017,Italian Grand Prix,832.0,15.0,7.0,11.5,3.5
35.0,210,981,2017,Italian Grand Prix,825.0,9.0,10.0,14.5,-5.5
11.0,1,981,2017,Italian Grand Prix,838.0,18.0,2.0,18.5,-0.5
11.0,1,981,2017,Italian Grand Prix,4.0,19.0,4.0,18.5,0.5
5.0,15,981,2017,Italian Grand Prix,828.0,11.0,3.0,11.5,-0.5
5.0,15,981,2017,Italian Grand Prix,836.0,12.0,5.0,11.5,0.5
34.0,4,981,2017,Italian Grand Prix,835.0,17.0,1.0,15.5,1.5
34.0,4,981,2017,Italian Grand Prix,807.0,14.0,8.0,15.5,-1.5
40.0,5,981,2017,Italian Grand Prix,826.0,8.0,9.0,11.5,-3.5
35.0,210,981,2017,Italian Grand Prix,154.0,20.0,6.0,14.5,5.5
113.0,10,981,2017,Italian Grand Prix,839.0,3.0,15.0,6.5,-3.5
373.0,6,981,2017,Italian Grand Prix,20.0,6.0,18.0,5.5,0.5
373.0,6,981,2017,Italian Grand Prix,8.0,5.0,16.0,5.5,-0.5
435.0,131,981,2017,Italian Grand Prix,1.0,1.0,20.0,2.5,-1.5
435.0,131,981,2017,Italian Grand Prix,822.0,4.0,19.0,2.5,1.5
113.0,10,981,2017,Italian Grand Prix,815.0,10.0,12.0,6.5,3.5
212.0,9,981,2017,Italian Grand Prix,830.0,13.0,11.0,14.5,-1.5
55.0,3,981,2017,Italian Grand Prix,840.0,2.0,14.0,4.5,-2.5
55.0,3,981,2017,Italian Grand Prix,13.0,7.0,13.0,4.5,2.5
212.0,9,981,2017,Italian Grand Prix,817.0,16.0,17.0,14.5,1.5
52.0,5,982,2017,Singapore Grand Prix,826.0,13.0,5.0,11.5,1.5
37.0,210,982,2017,Singapore Grand Prix,154.0,15.0,12.0,15.5,-0.5
17.0,1,982,2017,Singapore Grand Prix,4.0,8.0,4.0,8.5,-0.5
17.0,1,982,2017,Singapore Grand Prix,838.0,9.0,14.0,8.5,0.5
5.0,15,982,2017,Singapore Grand Prix,828.0,20.0,6.0,19.5,0.5
5.0,15,982,2017,Singapore Grand Prix,836.0,19.0,9.0,19.5,-0.5
42.0,4,982,2017,Singapore Grand Prix,807.0,7.0,7.0,9.0,-2.0
42.0,4,982,2017,Singapore Grand Prix,835.0,11.0,15.0,9.0,2.0
52.0,5,982,2017,Singapore Grand Prix,832.0,10.0,17.0,11.5,-1.5
37.0,210,982,2017,Singapore Grand Prix,825.0,16.0,8.0,15.5,0.5
124.0,10,982,2017,Singapore Grand Prix,815.0,12.0,16.0,13.0,-1.0
373.0,6,982,2017,Singapore Grand Prix,20.0,1.0,3.0,2.5,-1.5
373.0,6,982,2017,Singapore Grand Prix,8.0,4.0,1.0,2.5,1.5
475.0,131,982,2017,Singapore Grand Prix,1.0,5.0,20.0,5.5,-0.5
475.0,131,982,2017,Singapore Grand Prix,822.0,6.0,18.0,5.5,0.5
124.0,10,982,2017,Singapore Grand Prix,839.0,14.0,11.0,13.0,1.0
230.0,9,982,2017,Singapore Grand Prix,830.0,2.0,2.0,2.5,-0.5
59.0,3,982,2017,Singapore Grand Prix,840.0,18.0,13.0,17.5,0.5
59.0,3,982,2017,Singapore Grand Prix,13.0,17.0,10.0,17.5,-0.5
230.0,9,982,2017,Singapore Grand Prix,817.0,3.0,19.0,2.5,0.5
52.0,5,983,2017,Malaysian Grand Prix,842.0,15.0,7.0,14.5,0.5
37.0,210,983,2017,Malaysian Grand Prix,825.0,17.0,9.0,16.5,0.5
23.0,1,983,2017,Malaysian Grand Prix,4.0,10.0,10.0,8.5,1.5
23.0,1,983,2017,Malaysian Grand Prix,838.0,7.0,14.0,8.5,-1.5
5.0,15,983,2017,Malaysian Grand Prix,828.0,19.0,3.0,18.5,0.5
5.0,15,983,2017,Malaysian Grand Prix,836.0,18.0,4.0,18.5,-0.5
42.0,4,983,2017,Malaysian Grand Prix,807.0,8.0,5.0,10.0,-2.0
42.0,4,983,2017,Malaysian Grand Prix,835.0,12.0,6.0,10.0,2.0
52.0,5,983,2017,Malaysian Grand Prix,832.0,14.0,2.0,14.5,-0.5
37.0,210,983,2017,Malaysian Grand Prix,154.0,16.0,8.0,16.5,-0.5
133.0,10,983,2017,Malaysian Grand Prix,839.0,6.0,11.0,7.5,-1.5
65.0,3,983,2017,Malaysian Grand Prix,13.0,11.0,12.0,12.0,-1.0
65.0,3,983,2017,Malaysian Grand Prix,840.0,13.0,13.0,12.0,1.0
270.0,9,983,2017,Malaysian Grand Prix,817.0,4.0,18.0,3.5,0.5
270.0,9,983,2017,Malaysian Grand Prix,830.0,3.0,20.0,3.5,-0.5
503.0,131,983,2017,Malaysian Grand Prix,822.0,5.0,16.0,3.0,2.0
503.0,131,983,2017,Malaysian Grand Prix,1.0,1.0,19.0,3.0,-2.0
385.0,6,983,2017,Malaysian Grand Prix,8.0,20.0,1.0,10.0,-10.0
385.0,6,983,2017,Malaysian Grand Prix,20.0,20.0,17.0,10.0,10.0
133.0,10,983,2017,Malaysian Grand Prix,815.0,9.0,15.0,7.5,1.5
42.0,4,984,2017,Japanese Grand Prix,835.0,18.0,9.0,14.5,3.5
42.0,4,984,2017,Japanese Grand Prix,807.0,11.0,4.0,14.5,-3.5
5.0,15,984,2017,Japanese Grand Prix,836.0,17.0,6.0,16.5,0.5
52.0,5,984,2017,Japanese Grand Prix,832.0,19.0,1.0,16.5,2.5
23.0,1,984,2017,Japanese Grand Prix,4.0,20.0,10.0,14.5,5.5
23.0,1,984,2017,Japanese Grand Prix,838.0,9.0,7.0,14.5,-5.5
43.0,210,984,2017,Japanese Grand Prix,825.0,12.0,13.0,12.5,-0.5
5.0,15,984,2017,Japanese Grand Prix,828.0,16.0,3.0,16.5,-0.5
52.0,5,984,2017,Japanese Grand Prix,842.0,14.0,8.0,16.5,-2.5
43.0,210,984,2017,Japanese Grand Prix,154.0,13.0,12.0,12.5,0.5
147.0,10,984,2017,Japanese Grand Prix,839.0,5.0,15.0,6.0,-1.0
395.0,6,984,2017,Japanese Grand Prix,8.0,10.0,16.0,6.0,4.0
395.0,6,984,2017,Japanese Grand Prix,20.0,2.0,2.0,6.0,-4.0
540.0,131,984,2017,Japanese Grand Prix,1.0,1.0,20.0,3.5,-2.5
540.0,131,984,2017,Japanese Grand Prix,822.0,6.0,17.0,3.5,2.5
147.0,10,984,2017,Japanese Grand Prix,815.0,7.0,14.0,6.0,1.0
303.0,9,984,2017,Japanese Grand Prix,817.0,3.0,18.0,3.5,-0.5
66.0,3,984,2017,Japanese Grand Prix,13.0,8.0,11.0,11.5,-3.5
66.0,3,984,2017,Japanese Grand Prix,840.0,15.0,5.0,11.5,3.5
303.0,9,984,2017,Japanese Grand Prix,830.0,4.0,19.0,3.5,0.5
43.0,210,985,2017,United States Grand Prix,154.0,12.0,7.0,14.5,-2.5
23.0,1,985,2017,United States Grand Prix,4.0,8.0,4.0,14.0,-6.0
23.0,1,985,2017,United States Grand Prix,838.0,20.0,9.0,14.0,6.0
5.0,15,985,2017,United States Grand Prix,836.0,14.0,2.0,13.5,0.5
5.0,15,985,2017,United States Grand Prix,828.0,13.0,6.0,13.5,-0.5
48.0,4,985,2017,United States Grand Prix,807.0,18.0,1.0,12.5,5.5
48.0,4,985,2017,United States Grand Prix,832.0,7.0,14.0,12.5,-5.5
53.0,5,985,2017,United States Grand Prix,843.0,19.0,8.0,15.0,4.0
53.0,5,985,2017,United States Grand Prix,826.0,11.0,11.0,15.0,-4.0
43.0,210,985,2017,United States Grand Prix,825.0,17.0,5.0,14.5,2.5
159.0,10,985,2017,United States Grand Prix,839.0,6.0,15.0,7.5,-1.5
428.0,6,985,2017,United States Grand Prix,20.0,2.0,19.0,3.5,-1.5
428.0,6,985,2017,United States Grand Prix,8.0,5.0,18.0,3.5,1.5
575.0,131,985,2017,United States Grand Prix,1.0,1.0,20.0,2.0,-1.0
575.0,131,985,2017,United States Grand Prix,822.0,3.0,16.0,2.0,1.0
159.0,10,985,2017,United States Grand Prix,815.0,9.0,13.0,7.5,1.5
315.0,9,985,2017,United States Grand Prix,817.0,4.0,3.0,10.0,-6.0
68.0,3,985,2017,United States Grand Prix,13.0,10.0,12.0,12.5,-2.5
68.0,3,985,2017,United States Grand Prix,840.0,15.0,10.0,12.5,2.5
315.0,9,985,2017,United States Grand Prix,830.0,16.0,17.0,10.0,6.0
53.0,5,986,2017,Mexican Grand Prix,842.0,20.0,8.0,18.5,1.5
47.0,210,986,2017,Mexican Grand Prix,825.0,14.0,13.0,14.5,-0.5
24.0,1,986,2017,Mexican Grand Prix,838.0,19.0,9.0,18.5,0.5
24.0,1,986,2017,Mexican Grand Prix,4.0,18.0,11.0,18.5,-0.5
5.0,15,986,2017,Mexican Grand Prix,828.0,12.0,4.0,12.5,-0.5
5.0,15,986,2017,Mexican Grand Prix,836.0,13.0,7.0,12.5,0.5
48.0,4,986,2017,Mexican Grand Prix,807.0,7.0,2.0,7.5,-0.5
48.0,4,986,2017,Mexican Grand Prix,832.0,8.0,5.0,7.5,0.5
53.0,5,986,2017,Mexican Grand Prix,843.0,17.0,3.0,18.5,-1.5
47.0,210,986,2017,Mexican Grand Prix,154.0,15.0,6.0,14.5,0.5
175.0,10,986,2017,Mexican Grand Prix,815.0,9.0,14.0,7.5,1.5
76.0,3,986,2017,Mexican Grand Prix,13.0,10.0,10.0,10.5,-0.5
175.0,10,986,2017,Mexican Grand Prix,839.0,6.0,16.0,7.5,-1.5
455.0,6,986,2017,Mexican Grand Prix,8.0,5.0,18.0,3.0,2.0
455.0,6,986,2017,Mexican Grand Prix,20.0,1.0,17.0,3.0,-2.0
595.0,131,986,2017,Mexican Grand Prix,822.0,4.0,19.0,3.5,0.5
340.0,9,986,2017,Mexican Grand Prix,830.0,2.0,20.0,9.0,-7.0
340.0,9,986,2017,Mexican Grand Prix,817.0,16.0,1.0,9.0,7.0
76.0,3,986,2017,Mexican Grand Prix,840.0,11.0,15.0,10.5,0.5
595.0,131,986,2017,Mexican Grand Prix,1.0,3.0,12.0,3.5,-0.5
47.0,210,987,2017,Brazilian Grand Prix,825.0,13.0,1.0,12.0,1.0
53.0,5,987,2017,Brazilian Grand Prix,842.0,19.0,9.0,18.5,0.5
28.0,1,987,2017,Brazilian Grand Prix,838.0,12.0,2.0,9.0,3.0
28.0,1,987,2017,Brazilian Grand Prix,4.0,6.0,13.0,9.0,-3.0
5.0,15,987,2017,Brazilian Grand Prix,836.0,15.0,7.0,16.0,-1.0
5.0,15,987,2017,Brazilian Grand Prix,828.0,17.0,8.0,16.0,1.0
49.0,4,987,2017,Brazilian Grand Prix,832.0,8.0,10.0,7.5,0.5
49.0,4,987,2017,Brazilian Grand Prix,807.0,7.0,11.0,7.5,-0.5
53.0,5,987,2017,Brazilian Grand Prix,843.0,18.0,4.0,18.5,-0.5
47.0,210,987,2017,Brazilian Grand Prix,154.0,11.0,6.0,12.0,-1.0
177.0,10,987,2017,Brazilian Grand Prix,839.0,10.0,3.0,7.5,2.5
82.0,3,987,2017,Brazilian Grand Prix,840.0,16.0,5.0,12.5,3.5
495.0,6,987,2017,Brazilian Grand Prix,20.0,2.0,20.0,2.5,-0.5
495.0,6,987,2017,Brazilian Grand Prix,8.0,3.0,18.0,2.5,0.5
625.0,131,987,2017,Brazilian Grand Prix,822.0,1.0,19.0,10.5,-9.5
177.0,10,987,2017,Brazilian Grand Prix,815.0,5.0,12.0,7.5,-2.5
358.0,9,987,2017,Brazilian Grand Prix,830.0,4.0,16.0,9.0,-5.0
358.0,9,987,2017,Brazilian Grand Prix,817.0,14.0,15.0,9.0,5.0
82.0,3,987,2017,Brazilian Grand Prix,13.0,9.0,14.0,12.5,-3.5
625.0,131,987,2017,Brazilian Grand Prix,1.0,20.0,17.0,10.5,9.5
57.0,4,988,2017,Abu Dhabi Grand Prix,807.0,7.0,15.0,9.5,-2.5
47.0,210,988,2017,Abu Dhabi Grand Prix,825.0,14.0,8.0,15.0,-1.0
47.0,210,988,2017,Abu Dhabi Grand Prix,154.0,16.0,10.0,15.0,1.0
30.0,1,988,2017,Abu Dhabi Grand Prix,838.0,13.0,9.0,12.0,1.0
30.0,1,988,2017,Abu Dhabi Grand Prix,4.0,11.0,12.0,12.0,-1.0
5.0,15,988,2017,Abu Dhabi Grand Prix,828.0,19.0,4.0,18.5,0.5
5.0,15,988,2017,Abu Dhabi Grand Prix,836.0,18.0,7.0,18.5,-0.5
57.0,4,988,2017,Abu Dhabi Grand Prix,832.0,12.0,2.0,9.5,2.5
53.0,5,988,2017,Abu Dhabi Grand Prix,842.0,17.0,5.0,18.5,-1.5
53.0,5,988,2017,Abu Dhabi Grand Prix,843.0,20.0,6.0,18.5,1.5
522.0,6,988,2017,Abu Dhabi Grand Prix,20.0,3.0,18.0,4.0,-1.0
187.0,10,988,2017,Abu Dhabi Grand Prix,815.0,8.0,14.0,8.5,-0.5
83.0,3,988,2017,Abu Dhabi Grand Prix,840.0,15.0,3.0,12.5,2.5
83.0,3,988,2017,Abu Dhabi Grand Prix,13.0,10.0,11.0,12.5,-2.5
368.0,9,988,2017,Abu Dhabi Grand Prix,817.0,4.0,1.0,5.0,-1.0
368.0,9,988,2017,Abu Dhabi Grand Prix,830.0,6.0,16.0,5.0,1.0
668.0,131,988,2017,Abu Dhabi Grand Prix,1.0,2.0,19.0,1.5,0.5
668.0,131,988,2017,Abu Dhabi Grand Prix,822.0,1.0,20.0,1.5,-0.5
522.0,6,988,2017,Abu Dhabi Grand Prix,8.0,5.0,17.0,4.0,1.0
187.0,10,988,2017,Abu Dhabi Grand Prix,839.0,9.0,13.0,8.5,0.5
0.0,15,989,2018,Australian Grand Prix,844.0,18.0,8.0,17.5,0.5
0.0,15,989,2018,Australian Grand Prix,828.0,17.0,2.0,17.5,-0.5
0.0,3,989,2018,Australian Grand Prix,840.0,13.0,7.0,16.0,-3.0
0.0,3,989,2018,Australian Grand Prix,845.0,19.0,1.0,16.0,3.0
0.0,10,989,2018,Australian Grand Prix,839.0,14.0,9.0,13.0,1.0
0.0,5,989,2018,Australian Grand Prix,842.0,20.0,3.0,18.0,2.0
0.0,210,989,2018,Australian Grand Prix,154.0,6.0,5.0,5.5,0.5
0.0,210,989,2018,Australian Grand Prix,825.0,5.0,4.0,5.5,-0.5
0.0,5,989,2018,Australian Grand Prix,843.0,16.0,6.0,18.0,-2.0
0.0,10,989,2018,Australian Grand Prix,815.0,12.0,10.0,13.0,-1.0
40.0,6,989,2018,Australian Grand Prix,20.0,3.0,20.0,2.5,0.5
7.0,4,989,2018,Australian Grand Prix,807.0,7.0,14.0,8.0,-1.0
12.0,1,989,2018,Australian Grand Prix,838.0,11.0,12.0,10.5,0.5
12.0,1,989,2018,Australian Grand Prix,4.0,10.0,16.0,10.5,-0.5
20.0,9,989,2018,Australian Grand Prix,830.0,4.0,15.0,6.0,-2.0
20.0,9,989,2018,Australian Grand Prix,817.0,8.0,17.0,6.0,2.0
22.0,131,989,2018,Australian Grand Prix,822.0,15.0,13.0,8.0,7.0
22.0,131,989,2018,Australian Grand Prix,1.0,1.0,19.0,8.0,-7.0
40.0,6,989,2018,Australian Grand Prix,8.0,2.0,18.0,2.5,-0.5
7.0,4,989,2018,Australian Grand Prix,832.0,9.0,11.0,8.0,1.0
15.0,4,990,2018,Bahrain Grand Prix,807.0,7.0,15.0,8.5,-1.5
15.0,4,990,2018,Bahrain Grand Prix,832.0,10.0,10.0,8.5,1.5
1.0,10,990,2018,Bahrain Grand Prix,839.0,8.0,11.0,10.0,-2.0
1.0,10,990,2018,Bahrain Grand Prix,815.0,12.0,5.0,10.0,2.0
65.0,6,990,2018,Bahrain Grand Prix,8.0,2.0,3.0,1.5,0.5
55.0,131,990,2018,Bahrain Grand Prix,1.0,9.0,18.0,6.0,3.0
65.0,6,990,2018,Bahrain Grand Prix,20.0,1.0,20.0,1.5,-0.5
22.0,1,990,2018,Bahrain Grand Prix,838.0,14.0,13.0,13.5,0.5
55.0,131,990,2018,Bahrain Grand Prix,822.0,3.0,19.0,6.0,-3.0
22.0,1,990,2018,Bahrain Grand Prix,4.0,13.0,14.0,13.5,-0.5
12.0,5,990,2018,Bahrain Grand Prix,843.0,11.0,4.0,8.0,3.0
20.0,9,990,2018,Bahrain Grand Prix,830.0,15.0,2.0,9.5,5.5
10.0,210,990,2018,Bahrain Grand Prix,154.0,16.0,8.0,11.0,5.0
2.0,15,990,2018,Bahrain Grand Prix,828.0,17.0,12.0,18.0,-1.0
2.0,15,990,2018,Bahrain Grand Prix,844.0,19.0,9.0,18.0,1.0
10.0,210,990,2018,Bahrain Grand Prix,825.0,6.0,16.0,11.0,-5.0
20.0,9,990,2018,Bahrain Grand Prix,817.0,4.0,1.0,9.5,-5.5
0.0,3,990,2018,Bahrain Grand Prix,840.0,20.0,7.0,19.0,1.0
0.0,3,990,2018,Bahrain Grand Prix,845.0,18.0,6.0,19.0,-1.0
12.0,5,990,2018,Bahrain Grand Prix,842.0,5.0,17.0,8.0,-3.0
1.0,10,991,2018,Chinese Grand Prix,815.0,8.0,9.0,10.0,-2.0
11.0,210,991,2018,Chinese Grand Prix,825.0,11.0,11.0,10.5,0.5
12.0,5,991,2018,Chinese Grand Prix,843.0,15.0,1.0,16.0,-1.0
12.0,5,991,2018,Chinese Grand Prix,842.0,17.0,3.0,16.0,1.0
0.0,3,991,2018,Chinese Grand Prix,845.0,16.0,6.0,17.0,-1.0
0.0,3,991,2018,Chinese Grand Prix,840.0,18.0,7.0,17.0,1.0
2.0,15,991,2018,Chinese Grand Prix,844.0,19.0,2.0,19.5,-0.5
2.0,15,991,2018,Chinese Grand Prix,828.0,20.0,5.0,19.5,0.5
1.0,10,991,2018,Chinese Grand Prix,839.0,12.0,10.0,10.0,2.0
11.0,210,991,2018,Chinese Grand Prix,154.0,10.0,4.0,10.5,-0.5
25.0,4,991,2018,Chinese Grand Prix,807.0,7.0,15.0,8.0,-1.0
84.0,6,991,2018,Chinese Grand Prix,8.0,2.0,18.0,1.5,0.5
84.0,6,991,2018,Chinese Grand Prix,20.0,1.0,13.0,1.5,-0.5
85.0,131,991,2018,Chinese Grand Prix,822.0,3.0,19.0,3.5,-0.5
85.0,131,991,2018,Chinese Grand Prix,1.0,4.0,17.0,3.5,0.5
25.0,4,991,2018,Chinese Grand Prix,832.0,9.0,12.0,8.0,1.0
55.0,9,991,2018,Chinese Grand Prix,830.0,5.0,16.0,5.5,-0.5
28.0,1,991,2018,Chinese Grand Prix,4.0,13.0,14.0,13.5,-0.5
28.0,1,991,2018,Chinese Grand Prix,838.0,14.0,8.0,13.5,0.5
55.0,9,991,2018,Chinese Grand Prix,817.0,6.0,20.0,5.5,0.5
16.0,10,992,2018,Azerbaijan Grand Prix,815.0,8.0,18.0,7.5,0.5
11.0,210,992,2018,Azerbaijan Grand Prix,825.0,15.0,8.0,17.5,-2.5
13.0,5,992,2018,Azerbaijan Grand Prix,842.0,17.0,9.0,18.0,-1.0
13.0,5,992,2018,Azerbaijan Grand Prix,843.0,19.0,11.0,18.0,1.0
4.0,3,992,2018,Azerbaijan Grand Prix,845.0,11.0,1.0,10.5,0.5
4.0,3,992,2018,Azerbaijan Grand Prix,840.0,10.0,13.0,10.5,-0.5
10.0,15,992,2018,Azerbaijan Grand Prix,828.0,18.0,10.0,15.5,2.5
10.0,15,992,2018,Azerbaijan Grand Prix,844.0,13.0,15.0,15.5,-2.5
16.0,10,992,2018,Azerbaijan Grand Prix,839.0,7.0,2.0,7.5,-0.5
11.0,210,992,2018,Azerbaijan Grand Prix,154.0,20.0,6.0,17.5,2.5
35.0,4,992,2018,Azerbaijan Grand Prix,807.0,14.0,3.0,11.5,2.5
36.0,1,992,2018,Azerbaijan Grand Prix,838.0,16.0,12.0,14.0,2.0
36.0,1,992,2018,Azerbaijan Grand Prix,4.0,12.0,14.0,14.0,-2.0
55.0,9,992,2018,Azerbaijan Grand Prix,817.0,4.0,4.0,4.5,-0.5
55.0,9,992,2018,Azerbaijan Grand Prix,830.0,5.0,5.0,4.5,0.5
110.0,131,992,2018,Azerbaijan Grand Prix,822.0,3.0,7.0,2.5,0.5
110.0,131,992,2018,Azerbaijan Grand Prix,1.0,2.0,20.0,2.5,-0.5
114.0,6,992,2018,Azerbaijan Grand Prix,20.0,1.0,17.0,3.5,-2.5
114.0,6,992,2018,Azerbaijan Grand Prix,8.0,6.0,19.0,3.5,2.5
35.0,4,992,2018,Azerbaijan Grand Prix,832.0,9.0,16.0,11.5,-2.5
11.0,15,993,2018,Spanish Grand Prix,828.0,17.0,8.0,15.5,1.5
4.0,3,993,2018,Spanish Grand Prix,840.0,18.0,10.0,18.5,-0.5
4.0,3,993,2018,Spanish Grand Prix,845.0,19.0,7.0,18.5,0.5
11.0,15,993,2018,Spanish Grand Prix,844.0,14.0,11.0,15.5,-1.5
13.0,5,993,2018,Spanish Grand Prix,842.0,12.0,2.0,16.0,-4.0
19.0,210,993,2018,Spanish Grand Prix,825.0,7.0,15.0,8.5,-1.5
19.0,210,993,2018,Spanish Grand Prix,154.0,10.0,3.0,8.5,1.5
13.0,5,993,2018,Spanish Grand Prix,843.0,20.0,9.0,16.0,4.0
18.0,10,993,2018,Spanish Grand Prix,839.0,13.0,5.0,14.0,-1.0
18.0,10,993,2018,Spanish Grand Prix,815.0,15.0,12.0,14.0,1.0
126.0,6,993,2018,Spanish Grand Prix,20.0,3.0,17.0,3.5,-0.5
41.0,4,993,2018,Spanish Grand Prix,832.0,9.0,14.0,12.5,-3.5
40.0,1,993,2018,Spanish Grand Prix,838.0,11.0,6.0,9.5,1.5
40.0,1,993,2018,Spanish Grand Prix,4.0,8.0,13.0,9.5,-1.5
80.0,9,993,2018,Spanish Grand Prix,817.0,6.0,16.0,5.5,0.5
80.0,9,993,2018,Spanish Grand Prix,830.0,5.0,18.0,5.5,-0.5
153.0,131,993,2018,Spanish Grand Prix,822.0,2.0,19.0,1.5,0.5
153.0,131,993,2018,Spanish Grand Prix,1.0,1.0,20.0,1.5,-0.5
126.0,6,993,2018,Spanish Grand Prix,8.0,4.0,4.0,3.5,0.5
41.0,4,993,2018,Spanish Grand Prix,807.0,16.0,1.0,12.5,3.5
11.0,15,994,2018,Monaco Grand Prix,828.0,16.0,10.0,15.0,1.0
11.0,15,994,2018,Monaco Grand Prix,844.0,14.0,3.0,15.0,-1.0
4.0,3,994,2018,Monaco Grand Prix,845.0,13.0,5.0,15.0,-2.0
19.0,210,994,2018,Monaco Grand Prix,154.0,18.0,6.0,18.5,-0.5
19.0,5,994,2018,Monaco Grand Prix,843.0,15.0,2.0,12.5,2.5
19.0,210,994,2018,Monaco Grand Prix,825.0,19.0,8.0,18.5,0.5
26.0,10,994,2018,Monaco Grand Prix,815.0,9.0,9.0,7.5,1.5
4.0,3,994,2018,Monaco Grand Prix,840.0,17.0,4.0,15.0,2.0
26.0,10,994,2018,Monaco Grand Prix,839.0,6.0,15.0,7.5,-1.5
19.0,5,994,2018,Monaco Grand Prix,842.0,10.0,14.0,12.5,-2.5
46.0,4,994,2018,Monaco Grand Prix,807.0,11.0,13.0,9.5,1.5
46.0,4,994,2018,Monaco Grand Prix,832.0,8.0,11.0,9.5,-1.5
156.0,6,994,2018,Monaco Grand Prix,8.0,4.0,17.0,3.0,1.0
178.0,131,994,2018,Monaco Grand Prix,1.0,3.0,18.0,4.0,-1.0
178.0,131,994,2018,Monaco Grand Prix,822.0,5.0,16.0,4.0,1.0
156.0,6,994,2018,Monaco Grand Prix,20.0,2.0,19.0,3.0,-1.0
107.0,9,994,2018,Monaco Grand Prix,830.0,20.0,12.0,10.5,9.5
40.0,1,994,2018,Monaco Grand Prix,838.0,12.0,7.0,9.5,2.5
40.0,1,994,2018,Monaco Grand Prix,4.0,7.0,1.0,9.5,-2.5
107.0,9,994,2018,Monaco Grand Prix,817.0,1.0,20.0,10.5,-9.5
19.0,210,995,2018,Canadian Grand Prix,825.0,11.0,8.0,15.5,-4.5
28.0,10,995,2018,Canadian Grand Prix,815.0,10.0,7.0,9.0,1.0
19.0,210,995,2018,Canadian Grand Prix,154.0,20.0,9.0,15.5,4.5
19.0,5,995,2018,Canadian Grand Prix,843.0,12.0,2.0,14.0,-2.0
19.0,5,995,2018,Canadian Grand Prix,842.0,16.0,10.0,14.0,2.0
4.0,3,995,2018,Canadian Grand Prix,840.0,17.0,1.0,17.5,-0.5
4.0,3,995,2018,Canadian Grand Prix,845.0,18.0,4.0,17.5,0.5
12.0,15,995,2018,Canadian Grand Prix,828.0,19.0,6.0,16.0,3.0
12.0,15,995,2018,Canadian Grand Prix,844.0,13.0,11.0,16.0,-3.0
28.0,10,995,2018,Canadian Grand Prix,839.0,8.0,12.0,9.0,-1.0
40.0,1,995,2018,Canadian Grand Prix,838.0,15.0,5.0,14.5,0.5
56.0,4,995,2018,Canadian Grand Prix,807.0,7.0,14.0,8.0,-1.0
40.0,1,995,2018,Canadian Grand Prix,4.0,14.0,3.0,14.5,-0.5
134.0,9,995,2018,Canadian Grand Prix,817.0,6.0,17.0,4.5,1.5
134.0,9,995,2018,Canadian Grand Prix,830.0,3.0,18.0,4.5,-1.5
206.0,131,995,2018,Canadian Grand Prix,1.0,4.0,16.0,3.0,1.0
206.0,131,995,2018,Canadian Grand Prix,822.0,2.0,19.0,3.0,-1.0
189.0,6,995,2018,Canadian Grand Prix,8.0,5.0,15.0,3.0,2.0
189.0,6,995,2018,Canadian Grand Prix,20.0,1.0,20.0,3.0,-2.0
56.0,4,995,2018,Canadian Grand Prix,832.0,9.0,13.0,8.0,1.0
4.0,3,996,2018,French Grand Prix,845.0,18.0,6.0,18.5,-0.5
13.0,15,996,2018,French Grand Prix,844.0,8.0,11.0,11.5,-3.5
13.0,15,996,2018,French Grand Prix,828.0,15.0,8.0,11.5,3.5
4.0,3,996,2018,French Grand Prix,840.0,19.0,4.0,18.5,0.5
28.0,10,996,2018,French Grand Prix,839.0,11.0,2.0,12.0,-1.0
19.0,5,996,2018,French Grand Prix,842.0,14.0,1.0,17.0,-3.0
27.0,210,996,2018,French Grand Prix,825.0,9.0,15.0,9.5,-0.5
27.0,210,996,2018,French Grand Prix,154.0,10.0,10.0,9.5,0.5
19.0,5,996,2018,French Grand Prix,843.0,20.0,7.0,17.0,3.0
28.0,10,996,2018,French Grand Prix,815.0,13.0,3.0,12.0,1.0
214.0,6,996,2018,French Grand Prix,8.0,6.0,18.0,4.5,1.5
62.0,4,996,2018,French Grand Prix,832.0,7.0,13.0,9.5,-2.5
214.0,6,996,2018,French Grand Prix,20.0,3.0,16.0,4.5,-1.5
237.0,131,996,2018,French Grand Prix,1.0,1.0,20.0,1.5,-0.5
237.0,131,996,2018,French Grand Prix,822.0,2.0,14.0,1.5,0.5
62.0,4,996,2018,French Grand Prix,807.0,12.0,12.0,9.5,2.5
164.0,9,996,2018,French Grand Prix,817.0,5.0,17.0,4.5,0.5
40.0,1,996,2018,French Grand Prix,838.0,17.0,9.0,16.5,0.5
40.0,1,996,2018,French Grand Prix,4.0,16.0,5.0,16.5,-0.5
164.0,9,996,2018,French Grand Prix,830.0,4.0,19.0,4.5,-0.5
16.0,15,997,2018,Austrian Grand Prix,844.0,18.0,12.0,19.0,-1.0
49.0,210,997,2018,Austrian Grand Prix,825.0,8.0,16.0,6.5,1.5
49.0,210,997,2018,Austrian Grand Prix,154.0,5.0,17.0,6.5,-1.5
19.0,5,997,2018,Austrian Grand Prix,843.0,19.0,4.0,15.5,3.5
19.0,5,997,2018,Austrian Grand Prix,842.0,12.0,10.0,15.5,-3.5
4.0,3,997,2018,Austrian Grand Prix,840.0,14.0,7.0,15.5,-1.5
4.0,3,997,2018,Austrian Grand Prix,845.0,17.0,8.0,15.5,1.5
16.0,15,997,2018,Austrian Grand Prix,828.0,20.0,11.0,19.0,1.0
42.0,10,997,2018,Austrian Grand Prix,815.0,16.0,14.0,13.5,2.5
42.0,10,997,2018,Austrian Grand Prix,839.0,11.0,15.0,13.5,-2.5
247.0,6,997,2018,Austrian Grand Prix,8.0,3.0,19.0,4.5,-1.5
62.0,4,997,2018,Austrian Grand Prix,832.0,9.0,9.0,9.5,-0.5
44.0,1,997,2018,Austrian Grand Prix,838.0,15.0,6.0,14.0,1.0
44.0,1,997,2018,Austrian Grand Prix,4.0,13.0,13.0,14.0,-1.0
189.0,9,997,2018,Austrian Grand Prix,817.0,7.0,3.0,5.5,1.5
189.0,9,997,2018,Austrian Grand Prix,830.0,4.0,20.0,5.5,-1.5
237.0,131,997,2018,Austrian Grand Prix,822.0,1.0,2.0,1.5,-0.5
237.0,131,997,2018,Austrian Grand Prix,1.0,2.0,5.0,1.5,0.5
247.0,6,997,2018,Austrian Grand Prix,20.0,6.0,18.0,4.5,1.5
62.0,4,997,2018,Austrian Grand Prix,807.0,10.0,1.0,9.5,0.5
16.0,15,998,2018,British Grand Prix,828.0,15.0,3.0,12.0,3.0
16.0,15,998,2018,British Grand Prix,844.0,9.0,2.0,12.0,-3.0
4.0,3,998,2018,British Grand Prix,840.0,19.0,9.0,18.5,0.5
4.0,3,998,2018,British Grand Prix,845.0,18.0,7.0,18.5,-0.5
49.0,10,998,2018,British Grand Prix,815.0,12.0,11.0,11.0,1.0
19.0,5,998,2018,British Grand Prix,843.0,20.0,1.0,7.0,-7.0
51.0,210,998,2018,British Grand Prix,825.0,7.0,12.0,7.5,-0.5
51.0,210,998,2018,British Grand Prix,154.0,8.0,5.0,7.5,0.5
19.0,5,998,2018,British Grand Prix,842.0,14.0,8.0,7.0,7.0
49.0,10,998,2018,British Grand Prix,839.0,10.0,14.0,11.0,-1.0
287.0,6,998,2018,British Grand Prix,20.0,2.0,20.0,2.5,-0.5
70.0,4,998,2018,British Grand Prix,807.0,11.0,15.0,13.5,-2.5
48.0,1,998,2018,British Grand Prix,838.0,17.0,10.0,15.0,2.0
48.0,1,998,2018,British Grand Prix,4.0,13.0,13.0,15.0,-2.0
199.0,9,998,2018,British Grand Prix,830.0,5.0,6.0,5.5,-0.5
199.0,9,998,2018,British Grand Prix,817.0,6.0,16.0,5.5,0.5
267.0,131,998,2018,British Grand Prix,822.0,4.0,17.0,2.5,1.5
267.0,131,998,2018,British Grand Prix,1.0,1.0,19.0,2.5,-1.5
287.0,6,998,2018,British Grand Prix,8.0,3.0,18.0,2.5,0.5
70.0,4,998,2018,British Grand Prix,832.0,16.0,4.0,13.5,2.5
18.0,15,999,2018,German Grand Prix,828.0,13.0,12.0,11.0,2.0
18.0,15,999,2018,German Grand Prix,844.0,9.0,6.0,11.0,-2.0
4.0,3,999,2018,German Grand Prix,840.0,18.0,4.0,15.0,3.0
4.0,3,999,2018,German Grand Prix,845.0,12.0,2.0,15.0,-3.0
59.0,210,999,2018,German Grand Prix,825.0,5.0,10.0,5.5,-0.5
20.0,5,999,2018,German Grand Prix,842.0,16.0,7.0,16.5,-0.5
59.0,210,999,2018,German Grand Prix,154.0,6.0,15.0,5.5,0.5
59.0,10,999,2018,German Grand Prix,839.0,15.0,13.0,12.5,2.5
20.0,5,999,2018,German Grand Prix,843.0,17.0,11.0,16.5,0.5
59.0,10,999,2018,German Grand Prix,815.0,10.0,14.0,12.5,-2.5
302.0,6,999,2018,German Grand Prix,8.0,3.0,18.0,2.0,1.0
80.0,4,999,2018,German Grand Prix,807.0,7.0,16.0,7.5,-0.5
302.0,6,999,2018,German Grand Prix,20.0,1.0,3.0,2.0,-1.0
310.0,131,999,2018,German Grand Prix,1.0,14.0,20.0,8.0,6.0
310.0,131,999,2018,German Grand Prix,822.0,2.0,19.0,8.0,-6.0
80.0,4,999,2018,German Grand Prix,832.0,8.0,9.0,7.5,0.5
211.0,9,999,2018,German Grand Prix,817.0,20.0,1.0,12.0,8.0
48.0,1,999,2018,German Grand Prix,838.0,19.0,8.0,15.0,4.0
48.0,1,999,2018,German Grand Prix,4.0,11.0,5.0,15.0,-4.0
211.0,9,999,2018,German Grand Prix,830.0,4.0,17.0,12.0,-8.0
59.0,10,1000,2018,Hungarian Grand Prix,815.0,19.0,7.0,18.5,0.5
66.0,210,1000,2018,Hungarian Grand Prix,825.0,9.0,14.0,9.5,-0.5
28.0,5,1000,2018,Hungarian Grand Prix,843.0,8.0,10.0,7.0,1.0
28.0,5,1000,2018,Hungarian Grand Prix,842.0,6.0,15.0,7.0,-1.0
4.0,3,1000,2018,Hungarian Grand Prix,840.0,15.0,4.0,17.5,-2.5
4.0,3,1000,2018,Hungarian Grand Prix,845.0,20.0,5.0,17.5,2.5
18.0,15,1000,2018,Hungarian Grand Prix,844.0,17.0,1.0,15.5,1.5
18.0,15,1000,2018,Hungarian Grand Prix,828.0,14.0,6.0,15.5,-1.5
66.0,210,1000,2018,Hungarian Grand Prix,154.0,10.0,11.0,9.5,0.5
59.0,10,1000,2018,Hungarian Grand Prix,839.0,18.0,8.0,18.5,-0.5
82.0,4,1000,2018,Hungarian Grand Prix,832.0,5.0,12.0,9.0,-4.0
52.0,1,1000,2018,Hungarian Grand Prix,838.0,16.0,3.0,13.5,2.5
52.0,1,1000,2018,Hungarian Grand Prix,4.0,11.0,13.0,13.5,-2.5
223.0,9,1000,2018,Hungarian Grand Prix,830.0,7.0,2.0,9.5,-2.5
223.0,9,1000,2018,Hungarian Grand Prix,817.0,12.0,17.0,9.5,2.5
345.0,131,1000,2018,Hungarian Grand Prix,822.0,2.0,16.0,1.5,0.5
345.0,131,1000,2018,Hungarian Grand Prix,1.0,1.0,20.0,1.5,-0.5
335.0,6,1000,2018,Hungarian Grand Prix,8.0,3.0,18.0,3.5,-0.5
335.0,6,1000,2018,Hungarian Grand Prix,20.0,4.0,19.0,3.5,0.5
82.0,4,1000,2018,Hungarian Grand Prix,807.0,13.0,9.0,9.0,4.0
19.0,15,1001,2018,Belgian Grand Prix,828.0,13.0,11.0,12.5,0.5
19.0,15,1001,2018,Belgian Grand Prix,844.0,12.0,3.0,12.5,-0.5
4.0,3,1001,2018,Belgian Grand Prix,845.0,16.0,9.0,16.5,-0.5
4.0,3,1001,2018,Belgian Grand Prix,840.0,17.0,8.0,16.5,0.5
18.0,10,1001,2018,Belgian Grand Prix,839.0,3.0,15.0,3.5,-0.5
30.0,5,1001,2018,Belgian Grand Prix,843.0,11.0,7.0,10.5,0.5
76.0,210,1001,2018,Belgian Grand Prix,154.0,5.0,14.0,7.0,-2.0
76.0,210,1001,2018,Belgian Grand Prix,825.0,9.0,13.0,7.0,2.0
30.0,5,1001,2018,Belgian Grand Prix,842.0,10.0,12.0,10.5,-0.5
18.0,10,1001,2018,Belgian Grand Prix,815.0,4.0,16.0,3.5,0.5
360.0,6,1001,2018,Belgian Grand Prix,20.0,2.0,20.0,4.0,-2.0
82.0,4,1001,2018,Belgian Grand Prix,832.0,14.0,10.0,17.0,-3.0
360.0,6,1001,2018,Belgian Grand Prix,8.0,6.0,4.0,4.0,2.0
375.0,131,1001,2018,Belgian Grand Prix,1.0,1.0,19.0,10.0,-9.0
375.0,131,1001,2018,Belgian Grand Prix,822.0,19.0,17.0,10.0,9.0
82.0,4,1001,2018,Belgian Grand Prix,807.0,20.0,1.0,17.0,3.0
238.0,9,1001,2018,Belgian Grand Prix,817.0,8.0,5.0,7.5,0.5
52.0,1,1001,2018,Belgian Grand Prix,838.0,18.0,6.0,16.5,1.5
52.0,1,1001,2018,Belgian Grand Prix,4.0,15.0,2.0,16.5,-1.5
238.0,9,1001,2018,Belgian Grand Prix,830.0,7.0,18.0,7.5,-0.5
86.0,4,1002,2018,Italian Grand Prix,807.0,20.0,8.0,13.5,6.5
86.0,4,1002,2018,Italian Grand Prix,832.0,7.0,13.0,13.5,-6.5
248.0,9,1002,2018,Italian Grand Prix,817.0,19.0,4.0,12.0,7.0
248.0,9,1002,2018,Italian Grand Prix,830.0,5.0,16.0,12.0,-7.0
390.0,6,1002,2018,Italian Grand Prix,20.0,2.0,17.0,1.5,0.5
390.0,6,1002,2018,Italian Grand Prix,8.0,1.0,19.0,1.5,-0.5
19.0,15,1002,2018,Italian Grand Prix,828.0,18.0,6.0,16.5,1.5
76.0,210,1002,2018,Italian Grand Prix,154.0,6.0,1.0,8.5,-2.5
76.0,210,1002,2018,Italian Grand Prix,825.0,11.0,5.0,8.5,2.5
19.0,15,1002,2018,Italian Grand Prix,844.0,15.0,10.0,16.5,-1.5
415.0,131,1002,2018,Italian Grand Prix,1.0,3.0,20.0,3.5,-0.5
415.0,131,1002,2018,Italian Grand Prix,822.0,4.0,18.0,3.5,0.5
30.0,5,1002,2018,Italian Grand Prix,843.0,16.0,2.0,12.5,3.5
7.0,3,1002,2018,Italian Grand Prix,840.0,10.0,12.0,11.0,-1.0
7.0,3,1002,2018,Italian Grand Prix,845.0,12.0,11.0,11.0,1.0
30.0,5,1002,2018,Italian Grand Prix,842.0,9.0,7.0,12.5,-3.5
32.0,10,1002,2018,Italian Grand Prix,815.0,14.0,14.0,11.0,3.0
52.0,1,1002,2018,Italian Grand Prix,838.0,17.0,9.0,15.0,2.0
52.0,1,1002,2018,Italian Grand Prix,4.0,13.0,3.0,15.0,-2.0
32.0,10,1002,2018,Italian Grand Prix,839.0,8.0,15.0,11.0,-3.0
32.0,10,1003,2018,Singapore Grand Prix,839.0,9.0,1.0,8.0,1.0
76.0,210,1003,2018,Singapore Grand Prix,154.0,8.0,6.0,12.0,-4.0
30.0,5,1003,2018,Singapore Grand Prix,843.0,17.0,4.0,16.0,1.0
30.0,5,1003,2018,Singapore Grand Prix,842.0,15.0,8.0,16.0,-1.0
7.0,3,1003,2018,Singapore Grand Prix,845.0,19.0,2.0,19.5,-0.5
7.0,3,1003,2018,Singapore Grand Prix,840.0,20.0,7.0,19.5,0.5
21.0,15,1003,2018,Singapore Grand Prix,828.0,14.0,10.0,13.5,0.5
21.0,15,1003,2018,Singapore Grand Prix,844.0,13.0,12.0,13.5,-0.5
32.0,10,1003,2018,Singapore Grand Prix,815.0,7.0,5.0,8.0,-1.0
76.0,210,1003,2018,Singapore Grand Prix,825.0,16.0,3.0,12.0,4.0
91.0,4,1003,2018,Singapore Grand Prix,832.0,12.0,13.0,11.0,1.0
415.0,6,1003,2018,Singapore Grand Prix,20.0,3.0,18.0,4.0,-1.0
415.0,6,1003,2018,Singapore Grand Prix,8.0,5.0,16.0,4.0,1.0
452.0,131,1003,2018,Singapore Grand Prix,1.0,1.0,20.0,2.5,-1.5
452.0,131,1003,2018,Singapore Grand Prix,822.0,4.0,17.0,2.5,1.5
91.0,4,1003,2018,Singapore Grand Prix,807.0,10.0,11.0,11.0,-1.0
274.0,9,1003,2018,Singapore Grand Prix,817.0,6.0,15.0,4.0,2.0
58.0,1,1003,2018,Singapore Grand Prix,4.0,11.0,14.0,14.5,-3.5
58.0,1,1003,2018,Singapore Grand Prix,838.0,18.0,9.0,14.5,3.5
274.0,9,1003,2018,Singapore Grand Prix,830.0,2.0,19.0,4.0,-2.0
35.0,10,1004,2018,Russian Grand Prix,815.0,8.0,11.0,7.0,1.0
80.0,210,1004,2018,Russian Grand Prix,825.0,5.0,13.0,7.0,-2.0
30.0,5,1004,2018,Russian Grand Prix,843.0,20.0,1.0,18.5,1.5
30.0,5,1004,2018,Russian Grand Prix,842.0,17.0,2.0,18.5,-1.5
7.0,3,1004,2018,Russian Grand Prix,845.0,13.0,3.0,13.5,-0.5
7.0,3,1004,2018,Russian Grand Prix,840.0,14.0,6.0,13.5,0.5
27.0,15,1004,2018,Russian Grand Prix,828.0,10.0,8.0,8.5,1.5
27.0,15,1004,2018,Russian Grand Prix,844.0,7.0,14.0,8.5,-1.5
35.0,10,1004,2018,Russian Grand Prix,839.0,6.0,12.0,7.0,-1.0
80.0,210,1004,2018,Russian Grand Prix,154.0,9.0,10.0,7.0,2.0
91.0,4,1004,2018,Russian Grand Prix,807.0,12.0,9.0,11.5,0.5
91.0,4,1004,2018,Russian Grand Prix,832.0,11.0,4.0,11.5,-0.5
442.0,6,1004,2018,Russian Grand Prix,20.0,3.0,18.0,3.5,-0.5
442.0,6,1004,2018,Russian Grand Prix,8.0,4.0,17.0,3.5,0.5
495.0,131,1004,2018,Russian Grand Prix,822.0,1.0,19.0,1.5,-0.5
495.0,131,1004,2018,Russian Grand Prix,1.0,2.0,20.0,1.5,0.5
292.0,9,1004,2018,Russian Grand Prix,817.0,18.0,15.0,18.5,-0.5
58.0,1,1004,2018,Russian Grand Prix,4.0,16.0,7.0,15.5,0.5
292.0,9,1004,2018,Russian Grand Prix,830.0,19.0,16.0,18.5,0.5
58.0,1,1004,2018,Russian Grand Prix,838.0,15.0,5.0,15.5,-0.5
27.0,15,1005,2018,Japanese Grand Prix,828.0,20.0,9.0,15.0,5.0
84.0,210,1005,2018,Japanese Grand Prix,825.0,12.0,1.0,8.5,3.5
84.0,210,1005,2018,Japanese Grand Prix,154.0,5.0,13.0,8.5,-3.5
30.0,5,1005,2018,Japanese Grand Prix,843.0,6.0,8.0,6.5,-0.5
30.0,5,1005,2018,Japanese Grand Prix,842.0,7.0,10.0,6.5,0.5
7.0,3,1005,2018,Japanese Grand Prix,840.0,14.0,4.0,15.5,-1.5
7.0,3,1005,2018,Japanese Grand Prix,845.0,17.0,5.0,15.5,1.5
27.0,15,1005,2018,Japanese Grand Prix,844.0,10.0,3.0,15.0,-5.0
43.0,10,1005,2018,Japanese Grand Prix,839.0,11.0,12.0,10.0,1.0
43.0,10,1005,2018,Japanese Grand Prix,815.0,9.0,14.0,10.0,-1.0
92.0,4,1005,2018,Japanese Grand Prix,807.0,16.0,2.0,14.5,1.5
58.0,1,1005,2018,Japanese Grand Prix,838.0,19.0,6.0,18.5,0.5
58.0,1,1005,2018,Japanese Grand Prix,4.0,18.0,7.0,18.5,-0.5
319.0,9,1005,2018,Japanese Grand Prix,817.0,15.0,17.0,9.0,6.0
319.0,9,1005,2018,Japanese Grand Prix,830.0,3.0,18.0,9.0,-6.0
538.0,131,1005,2018,Japanese Grand Prix,822.0,2.0,19.0,1.5,0.5
538.0,131,1005,2018,Japanese Grand Prix,1.0,1.0,20.0,1.5,-0.5
460.0,6,1005,2018,Japanese Grand Prix,20.0,8.0,15.0,6.0,2.0
460.0,6,1005,2018,Japanese Grand Prix,8.0,4.0,16.0,6.0,-2.0
92.0,4,1005,2018,Japanese Grand Prix,832.0,13.0,11.0,14.5,-1.5
28.0,15,1006,2018,United States Grand Prix,828.0,16.0,11.0,12.5,3.5
28.0,15,1006,2018,United States Grand Prix,844.0,9.0,6.0,12.5,-3.5
497.0,6,1006,2018,United States Grand Prix,8.0,2.0,20.0,3.5,-1.5
563.0,131,1006,2018,United States Grand Prix,822.0,3.0,16.0,2.0,1.0
337.0,9,1006,2018,United States Grand Prix,830.0,18.0,19.0,11.0,7.0
337.0,9,1006,2018,United States Grand Prix,817.0,4.0,5.0,11.0,-7.0
106.0,4,1006,2018,United States Grand Prix,807.0,7.0,15.0,9.0,-2.0
497.0,6,1006,2018,United States Grand Prix,20.0,5.0,17.0,3.5,1.5
106.0,4,1006,2018,United States Grand Prix,832.0,11.0,14.0,9.0,2.0
563.0,131,1006,2018,United States Grand Prix,1.0,1.0,18.0,2.0,-1.0
58.0,1,1006,2018,United States Grand Prix,838.0,17.0,10.0,15.0,2.0
84.0,210,1006,2018,United States Grand Prix,154.0,8.0,4.0,10.0,-2.0
84.0,210,1006,2018,United States Grand Prix,825.0,12.0,1.0,10.0,2.0
32.0,5,1006,2018,United States Grand Prix,843.0,20.0,12.0,19.5,0.5
32.0,5,1006,2018,United States Grand Prix,842.0,19.0,9.0,19.5,-0.5
58.0,1,1006,2018,United States Grand Prix,4.0,13.0,3.0,15.0,-2.0
7.0,3,1006,2018,United States Grand Prix,840.0,15.0,7.0,14.5,0.5
47.0,10,1006,2018,United States Grand Prix,815.0,10.0,13.0,8.0,2.0
47.0,10,1006,2018,United States Grand Prix,839.0,6.0,2.0,8.0,-2.0
7.0,3,1006,2018,United States Grand Prix,845.0,14.0,8.0,14.5,-0.5
47.0,10,1007,2018,Mexican Grand Prix,815.0,13.0,3.0,12.0,1.0
84.0,210,1007,2018,Mexican Grand Prix,825.0,16.0,6.0,17.0,-1.0
33.0,5,1007,2018,Mexican Grand Prix,843.0,14.0,7.0,17.0,-3.0
33.0,5,1007,2018,Mexican Grand Prix,842.0,20.0,11.0,17.0,3.0
7.0,3,1007,2018,Mexican Grand Prix,845.0,19.0,8.0,18.0,1.0
7.0,3,1007,2018,Mexican Grand Prix,840.0,17.0,9.0,18.0,-1.0
36.0,15,1007,2018,Mexican Grand Prix,828.0,10.0,12.0,9.5,0.5
36.0,15,1007,2018,Mexican Grand Prix,844.0,9.0,14.0,9.5,-0.5
47.0,10,1007,2018,Mexican Grand Prix,839.0,11.0,10.0,12.0,-1.0
84.0,210,1007,2018,Mexican Grand Prix,154.0,18.0,5.0,17.0,1.0
114.0,4,1007,2018,Mexican Grand Prix,807.0,7.0,15.0,7.5,-0.5
530.0,6,1007,2018,Mexican Grand Prix,20.0,4.0,19.0,5.0,-1.0
530.0,6,1007,2018,Mexican Grand Prix,8.0,6.0,18.0,5.0,1.0
585.0,131,1007,2018,Mexican Grand Prix,1.0,3.0,17.0,4.0,-1.0
585.0,131,1007,2018,Mexican Grand Prix,822.0,5.0,16.0,4.0,1.0
114.0,4,1007,2018,Mexican Grand Prix,832.0,8.0,2.0,7.5,0.5
362.0,9,1007,2018,Mexican Grand Prix,817.0,1.0,4.0,1.5,-0.5
62.0,1,1007,2018,Mexican Grand Prix,838.0,15.0,13.0,13.5,1.5
62.0,1,1007,2018,Mexican Grand Prix,4.0,12.0,1.0,13.5,-1.5
362.0,9,1007,2018,Mexican Grand Prix,830.0,2.0,20.0,1.5,0.5
48.0,10,1008,2018,Brazilian Grand Prix,815.0,12.0,11.0,15.0,-3.0
90.0,210,1008,2018,Brazilian Grand Prix,154.0,8.0,13.0,9.0,-1.0
33.0,5,1008,2018,Brazilian Grand Prix,842.0,9.0,8.0,12.5,-3.5
33.0,5,1008,2018,Brazilian Grand Prix,843.0,16.0,10.0,12.5,3.5
7.0,3,1008,2018,Brazilian Grand Prix,840.0,19.0,3.0,16.5,2.5
7.0,3,1008,2018,Brazilian Grand Prix,845.0,14.0,5.0,16.5,-2.5
42.0,15,1008,2018,Brazilian Grand Prix,828.0,6.0,1.0,6.5,-0.5
42.0,15,1008,2018,Brazilian Grand Prix,844.0,7.0,14.0,6.5,0.5
48.0,10,1008,2018,Brazilian Grand Prix,839.0,18.0,6.0,15.0,3.0
90.0,210,1008,2018,Brazilian Grand Prix,825.0,10.0,12.0,9.0,1.0
114.0,4,1008,2018,Brazilian Grand Prix,807.0,13.0,2.0,14.0,-1.0
62.0,1,1008,2018,Brazilian Grand Prix,4.0,17.0,4.0,18.5,-1.5
62.0,1,1008,2018,Brazilian Grand Prix,838.0,20.0,7.0,18.5,1.5
392.0,9,1008,2018,Brazilian Grand Prix,817.0,11.0,17.0,8.0,3.0
392.0,9,1008,2018,Brazilian Grand Prix,830.0,5.0,19.0,8.0,-3.0
620.0,131,1008,2018,Brazilian Grand Prix,822.0,3.0,16.0,2.0,1.0
620.0,131,1008,2018,Brazilian Grand Prix,1.0,1.0,20.0,2.0,-1.0
553.0,6,1008,2018,Brazilian Grand Prix,20.0,2.0,15.0,3.0,-1.0
553.0,6,1008,2018,Brazilian Grand Prix,8.0,4.0,18.0,3.0,1.0
114.0,4,1008,2018,Brazilian Grand Prix,832.0,15.0,9.0,14.0,1.0
48.0,15,1009,2018,Abu Dhabi Grand Prix,844.0,8.0,14.0,10.0,-2.0
48.0,15,1009,2018,Abu Dhabi Grand Prix,828.0,12.0,3.0,10.0,2.0
7.0,3,1009,2018,Abu Dhabi Grand Prix,840.0,20.0,8.0,19.5,0.5
7.0,3,1009,2018,Abu Dhabi Grand Prix,845.0,19.0,6.0,19.5,-0.5
93.0,210,1009,2018,Abu Dhabi Grand Prix,825.0,13.0,11.0,10.0,3.0
33.0,5,1009,2018,Abu Dhabi Grand Prix,842.0,17.0,5.0,16.5,0.5
93.0,210,1009,2018,Abu Dhabi Grand Prix,154.0,7.0,12.0,10.0,-3.0
52.0,10,1009,2018,Abu Dhabi Grand Prix,839.0,9.0,4.0,11.5,-2.5
33.0,5,1009,2018,Abu Dhabi Grand Prix,843.0,16.0,9.0,16.5,-0.5
52.0,10,1009,2018,Abu Dhabi Grand Prix,815.0,14.0,13.0,11.5,2.5
571.0,6,1009,2018,Abu Dhabi Grand Prix,20.0,3.0,19.0,3.5,-0.5
122.0,4,1009,2018,Abu Dhabi Grand Prix,832.0,11.0,15.0,10.5,0.5
571.0,6,1009,2018,Abu Dhabi Grand Prix,8.0,4.0,2.0,3.5,0.5
655.0,131,1009,2018,Abu Dhabi Grand Prix,1.0,1.0,20.0,1.5,-0.5
655.0,131,1009,2018,Abu Dhabi Grand Prix,822.0,2.0,16.0,1.5,0.5
122.0,4,1009,2018,Abu Dhabi Grand Prix,807.0,10.0,1.0,10.5,-0.5
419.0,9,1009,2018,Abu Dhabi Grand Prix,817.0,5.0,17.0,5.5,-0.5
62.0,1,1009,2018,Abu Dhabi Grand Prix,4.0,15.0,10.0,16.5,-1.5
62.0,1,1009,2018,Abu Dhabi Grand Prix,838.0,18.0,7.0,16.5,1.5
419.0,9,1009,2018,Abu Dhabi Grand Prix,830.0,6.0,18.0,5.5,0.5
4.0,51,1010,2019,Australian Grand Prix,841.0,14.0,6.0,11.5,2.5
0.0,3,1010,2019,Australian Grand Prix,847.0,19.0,5.0,19.5,-0.5
0.0,1,1010,2019,Australian Grand Prix,832.0,18.0,1.0,13.0,5.0
0.0,1,1010,2019,Australian Grand Prix,846.0,8.0,9.0,13.0,-5.0
1.0,5,1010,2019,Australian Grand Prix,848.0,13.0,7.0,14.0,-1.0
1.0,5,1010,2019,Australian Grand Prix,826.0,15.0,11.0,14.0,1.0
2.0,211,1010,2019,Australian Grand Prix,815.0,10.0,8.0,13.0,-3.0
2.0,211,1010,2019,Australian Grand Prix,840.0,16.0,12.0,13.0,3.0
0.0,3,1010,2019,Australian Grand Prix,9.0,20.0,4.0,19.5,0.5
4.0,51,1010,2019,Australian Grand Prix,8.0,9.0,13.0,11.5,-2.5
44.0,131,1010,2019,Australian Grand Prix,822.0,2.0,20.0,1.5,0.5
15.0,9,1010,2019,Australian Grand Prix,842.0,17.0,10.0,10.5,6.5
15.0,9,1010,2019,Australian Grand Prix,830.0,4.0,18.0,10.5,-6.5
22.0,6,1010,2019,Australian Grand Prix,844.0,5.0,16.0,4.0,1.0
22.0,6,1010,2019,Australian Grand Prix,20.0,3.0,17.0,4.0,-1.0
8.0,210,1010,2019,Australian Grand Prix,154.0,6.0,3.0,6.5,-0.5
8.0,210,1010,2019,Australian Grand Prix,825.0,7.0,15.0,6.5,0.5
6.0,4,1010,2019,Australian Grand Prix,817.0,12.0,2.0,11.5,0.5
6.0,4,1010,2019,Australian Grand Prix,807.0,11.0,14.0,11.5,-0.5
44.0,131,1010,2019,Australian Grand Prix,1.0,1.0,19.0,1.5,-0.5
31.0,9,1011,2019,Bahrain Grand Prix,842.0,13.0,13.0,9.0,4.0
3.0,211,1011,2019,Bahrain Grand Prix,815.0,14.0,11.0,16.0,-2.0
3.0,211,1011,2019,Bahrain Grand Prix,840.0,18.0,7.0,16.0,2.0
6.0,4,1011,2019,Bahrain Grand Prix,807.0,17.0,4.0,13.5,3.5
87.0,131,1011,2019,Bahrain Grand Prix,822.0,4.0,19.0,3.5,0.5
8.0,210,1011,2019,Bahrain Grand Prix,825.0,6.0,8.0,8.5,-2.5
8.0,210,1011,2019,Bahrain Grand Prix,154.0,11.0,1.0,8.5,2.5
87.0,131,1011,2019,Bahrain Grand Prix,1.0,3.0,20.0,3.5,-0.5
31.0,9,1011,2019,Bahrain Grand Prix,830.0,5.0,17.0,9.0,-4.0
6.0,4,1011,2019,Bahrain Grand Prix,817.0,10.0,3.0,13.5,-3.5
10.0,51,1011,2019,Bahrain Grand Prix,841.0,16.0,10.0,12.0,4.0
3.0,5,1011,2019,Bahrain Grand Prix,848.0,12.0,12.0,13.5,-1.5
8.0,1,1011,2019,Bahrain Grand Prix,832.0,7.0,2.0,8.0,-1.0
8.0,1,1011,2019,Bahrain Grand Prix,846.0,9.0,15.0,8.0,1.0
48.0,6,1011,2019,Bahrain Grand Prix,20.0,2.0,16.0,1.5,0.5
48.0,6,1011,2019,Bahrain Grand Prix,844.0,1.0,18.0,1.5,-0.5
3.0,5,1011,2019,Bahrain Grand Prix,826.0,15.0,9.0,13.5,1.5
10.0,51,1011,2019,Bahrain Grand Prix,8.0,8.0,14.0,12.0,-4.0
0.0,3,1011,2019,Bahrain Grand Prix,9.0,20.0,5.0,19.5,0.5
0.0,3,1011,2019,Bahrain Grand Prix,847.0,19.0,6.0,19.5,-0.5
7.0,211,1012,2019,Chinese Grand Prix,840.0,16.0,9.0,14.0,2.0
4.0,5,1012,2019,Chinese Grand Prix,848.0,20.0,11.0,5.5,-5.5
4.0,5,1012,2019,Chinese Grand Prix,826.0,11.0,2.0,5.5,5.5
0.0,3,1012,2019,Chinese Grand Prix,9.0,18.0,4.0,17.5,0.5
8.0,1,1012,2019,Chinese Grand Prix,846.0,15.0,3.0,14.5,0.5
0.0,3,1012,2019,Chinese Grand Prix,847.0,17.0,5.0,17.5,-0.5
7.0,211,1012,2019,Chinese Grand Prix,815.0,12.0,13.0,14.0,-2.0
8.0,1,1012,2019,Chinese Grand Prix,832.0,14.0,7.0,14.5,-0.5
12.0,51,1012,2019,Chinese Grand Prix,841.0,19.0,6.0,16.0,3.0
12.0,51,1012,2019,Chinese Grand Prix,8.0,13.0,12.0,16.0,-3.0
130.0,131,1012,2019,Chinese Grand Prix,822.0,1.0,19.0,1.5,-0.5
12.0,4,1012,2019,Chinese Grand Prix,817.0,7.0,14.0,7.5,-0.5
8.0,210,1012,2019,Chinese Grand Prix,825.0,9.0,8.0,9.5,-0.5
8.0,210,1012,2019,Chinese Grand Prix,154.0,10.0,10.0,9.5,0.5
73.0,6,1012,2019,Chinese Grand Prix,844.0,4.0,16.0,3.5,0.5
73.0,6,1012,2019,Chinese Grand Prix,20.0,3.0,18.0,3.5,-0.5
52.0,9,1012,2019,Chinese Grand Prix,842.0,6.0,15.0,5.5,0.5
52.0,9,1012,2019,Chinese Grand Prix,830.0,5.0,17.0,5.5,-0.5
130.0,131,1012,2019,Chinese Grand Prix,1.0,2.0,20.0,1.5,0.5
12.0,4,1012,2019,Chinese Grand Prix,807.0,8.0,1.0,7.5,0.5
17.0,211,1013,2019,Azerbaijan Grand Prix,815.0,5.0,15.0,9.0,-4.0
17.0,211,1013,2019,Azerbaijan Grand Prix,840.0,13.0,12.0,9.0,4.0
4.0,5,1013,2019,Azerbaijan Grand Prix,848.0,11.0,10.0,8.5,2.5
4.0,5,1013,2019,Azerbaijan Grand Prix,826.0,6.0,2.0,8.5,-2.5
13.0,51,1013,2019,Azerbaijan Grand Prix,841.0,17.0,9.0,8.5,8.5
18.0,1,1013,2019,Azerbaijan Grand Prix,846.0,7.0,13.0,8.0,-1.0
0.0,3,1013,2019,Azerbaijan Grand Prix,847.0,16.0,6.0,8.0,8.0
0.0,3,1013,2019,Azerbaijan Grand Prix,9.0,20.0,5.0,8.0,-8.0
18.0,1,1013,2019,Azerbaijan Grand Prix,832.0,9.0,14.0,8.0,1.0
13.0,51,1013,2019,Azerbaijan Grand Prix,8.0,20.0,11.0,8.5,-8.5
173.0,131,1013,2019,Azerbaijan Grand Prix,822.0,1.0,20.0,1.5,-0.5
12.0,4,1013,2019,Azerbaijan Grand Prix,807.0,15.0,7.0,12.5,2.5
8.0,210,1013,2019,Azerbaijan Grand Prix,154.0,14.0,3.0,13.0,1.0
8.0,210,1013,2019,Azerbaijan Grand Prix,825.0,12.0,8.0,13.0,-1.0
99.0,6,1013,2019,Azerbaijan Grand Prix,844.0,8.0,16.0,5.5,2.5
99.0,6,1013,2019,Azerbaijan Grand Prix,20.0,3.0,18.0,5.5,-2.5
64.0,9,1013,2019,Azerbaijan Grand Prix,842.0,20.0,4.0,2.0,-2.0
64.0,9,1013,2019,Azerbaijan Grand Prix,830.0,4.0,17.0,2.0,2.0
173.0,131,1013,2019,Azerbaijan Grand Prix,1.0,2.0,19.0,1.5,0.5
12.0,4,1013,2019,Azerbaijan Grand Prix,817.0,10.0,1.0,12.5,-2.5
17.0,211,1014,2019,Spanish Grand Prix,815.0,15.0,6.0,15.5,-0.5
17.0,211,1014,2019,Spanish Grand Prix,840.0,16.0,2.0,15.5,0.5
6.0,5,1014,2019,Spanish Grand Prix,826.0,9.0,12.0,10.0,-1.0
6.0,5,1014,2019,Spanish Grand Prix,848.0,11.0,10.0,10.0,1.0
0.0,3,1014,2019,Spanish Grand Prix,9.0,17.0,3.0,18.0,-1.0
22.0,1,1014,2019,Spanish Grand Prix,846.0,10.0,1.0,11.0,-1.0
0.0,3,1014,2019,Spanish Grand Prix,847.0,19.0,4.0,18.0,1.0
13.0,51,1014,2019,Spanish Grand Prix,841.0,18.0,5.0,16.0,2.0
22.0,1,1014,2019,Spanish Grand Prix,832.0,12.0,13.0,11.0,1.0
13.0,51,1014,2019,Spanish Grand Prix,8.0,14.0,7.0,16.0,-2.0
217.0,131,1014,2019,Spanish Grand Prix,1.0,2.0,20.0,1.5,0.5
12.0,4,1014,2019,Spanish Grand Prix,817.0,13.0,9.0,6.5,6.5
217.0,131,1014,2019,Spanish Grand Prix,822.0,1.0,19.0,1.5,-0.5
87.0,9,1014,2019,Spanish Grand Prix,830.0,4.0,18.0,5.0,-1.0
87.0,9,1014,2019,Spanish Grand Prix,842.0,6.0,15.0,5.0,1.0
12.0,4,1014,2019,Spanish Grand Prix,807.0,20.0,8.0,6.5,-6.5
121.0,6,1014,2019,Spanish Grand Prix,844.0,5.0,16.0,4.0,1.0
15.0,210,1014,2019,Spanish Grand Prix,825.0,8.0,14.0,7.5,0.5
15.0,210,1014,2019,Spanish Grand Prix,154.0,7.0,11.0,7.5,-0.5
121.0,6,1014,2019,Spanish Grand Prix,20.0,3.0,17.0,4.0,-1.0
0.0,3,1015,2019,Monaco Grand Prix,9.0,20.0,3.0,19.5,0.5
13.0,51,1015,2019,Monaco Grand Prix,8.0,14.0,4.0,16.0,-2.0
30.0,1,1015,2019,Monaco Grand Prix,846.0,12.0,10.0,10.5,1.5
30.0,1,1015,2019,Monaco Grand Prix,832.0,9.0,15.0,10.5,-1.5
16.0,5,1015,2019,Monaco Grand Prix,848.0,10.0,13.0,8.5,1.5
16.0,5,1015,2019,Monaco Grand Prix,826.0,7.0,14.0,8.5,-1.5
17.0,211,1015,2019,Monaco Grand Prix,840.0,17.0,5.0,16.5,0.5
17.0,211,1015,2019,Monaco Grand Prix,815.0,16.0,9.0,16.5,-0.5
13.0,51,1015,2019,Monaco Grand Prix,841.0,18.0,2.0,16.0,2.0
0.0,3,1015,2019,Monaco Grand Prix,847.0,19.0,6.0,19.5,-0.5
14.0,4,1015,2019,Monaco Grand Prix,807.0,11.0,8.0,8.5,2.5
16.0,210,1015,2019,Monaco Grand Prix,825.0,5.0,7.0,9.0,-4.0
16.0,210,1015,2019,Monaco Grand Prix,154.0,13.0,11.0,9.0,4.0
139.0,6,1015,2019,Monaco Grand Prix,844.0,15.0,1.0,9.5,5.5
139.0,6,1015,2019,Monaco Grand Prix,20.0,4.0,19.0,9.5,-5.5
110.0,9,1015,2019,Monaco Grand Prix,842.0,8.0,16.0,5.5,2.5
110.0,9,1015,2019,Monaco Grand Prix,830.0,3.0,17.0,5.5,-2.5
257.0,131,1015,2019,Monaco Grand Prix,822.0,2.0,18.0,1.5,0.5
257.0,131,1015,2019,Monaco Grand Prix,1.0,1.0,20.0,1.5,-0.5
14.0,4,1015,2019,Monaco Grand Prix,817.0,6.0,12.0,8.5,-2.5
19.0,211,1016,2019,Canadian Grand Prix,815.0,15.0,9.0,16.0,-1.0
17.0,5,1016,2019,Canadian Grand Prix,826.0,10.0,11.0,11.5,-1.5
17.0,5,1016,2019,Canadian Grand Prix,848.0,13.0,2.0,11.5,1.5
19.0,211,1016,2019,Canadian Grand Prix,840.0,17.0,12.0,16.0,1.0
30.0,1,1016,2019,Canadian Grand Prix,846.0,8.0,1.0,9.5,-1.5
0.0,3,1016,2019,Canadian Grand Prix,847.0,18.0,5.0,18.5,-0.5
0.0,3,1016,2019,Canadian Grand Prix,9.0,19.0,3.0,18.5,0.5
30.0,1,1016,2019,Canadian Grand Prix,832.0,11.0,10.0,9.5,1.5
13.0,51,1016,2019,Canadian Grand Prix,8.0,16.0,6.0,14.0,2.0
13.0,51,1016,2019,Canadian Grand Prix,841.0,12.0,8.0,14.0,-2.0
28.0,4,1016,2019,Canadian Grand Prix,817.0,4.0,15.0,5.5,-1.5
16.0,210,1016,2019,Canadian Grand Prix,825.0,20.0,4.0,7.0,-7.0
16.0,210,1016,2019,Canadian Grand Prix,154.0,14.0,7.0,7.0,7.0
172.0,6,1016,2019,Canadian Grand Prix,844.0,3.0,18.0,2.0,1.0
172.0,6,1016,2019,Canadian Grand Prix,20.0,1.0,19.0,2.0,-1.0
124.0,9,1016,2019,Canadian Grand Prix,842.0,5.0,13.0,7.0,-2.0
124.0,9,1016,2019,Canadian Grand Prix,830.0,9.0,16.0,7.0,2.0
295.0,131,1016,2019,Canadian Grand Prix,822.0,6.0,17.0,4.0,2.0
295.0,131,1016,2019,Canadian Grand Prix,1.0,2.0,20.0,4.0,-2.0
28.0,4,1016,2019,Canadian Grand Prix,807.0,7.0,14.0,5.5,1.5
40.0,1,1017,2019,French Grand Prix,846.0,5.0,12.0,5.5,-0.5
32.0,4,1017,2019,French Grand Prix,817.0,8.0,10.0,10.5,-2.5
19.0,51,1017,2019,French Grand Prix,8.0,12.0,14.0,11.0,1.0
19.0,51,1017,2019,French Grand Prix,841.0,10.0,5.0,11.0,-1.0
16.0,210,1017,2019,French Grand Prix,825.0,15.0,4.0,15.5,-0.5
137.0,9,1017,2019,French Grand Prix,830.0,4.0,17.0,6.5,-2.5
198.0,6,1017,2019,French Grand Prix,844.0,3.0,18.0,5.0,-2.0
198.0,6,1017,2019,French Grand Prix,20.0,7.0,16.0,5.0,2.0
32.0,4,1017,2019,French Grand Prix,807.0,13.0,13.0,10.5,2.5
16.0,210,1017,2019,French Grand Prix,154.0,16.0,1.0,15.5,0.5
19.0,211,1017,2019,French Grand Prix,840.0,17.0,8.0,15.5,1.5
338.0,131,1017,2019,French Grand Prix,1.0,1.0,20.0,1.5,-0.5
338.0,131,1017,2019,French Grand Prix,822.0,2.0,19.0,1.5,0.5
40.0,1,1017,2019,French Grand Prix,832.0,6.0,15.0,5.5,0.5
137.0,9,1017,2019,French Grand Prix,842.0,9.0,11.0,6.5,2.5
17.0,5,1017,2019,French Grand Prix,848.0,11.0,6.0,15.0,-4.0
17.0,5,1017,2019,French Grand Prix,826.0,19.0,7.0,15.0,4.0
0.0,3,1017,2019,French Grand Prix,847.0,20.0,2.0,19.0,1.0
0.0,3,1017,2019,French Grand Prix,9.0,18.0,3.0,19.0,-1.0
19.0,211,1017,2019,French Grand Prix,815.0,14.0,9.0,15.5,-1.5
17.0,5,1018,2019,Austrian Grand Prix,848.0,18.0,6.0,17.0,1.0
19.0,211,1018,2019,Austrian Grand Prix,815.0,13.0,10.0,13.5,-0.5
19.0,211,1018,2019,Austrian Grand Prix,840.0,14.0,7.0,13.5,0.5
0.0,3,1018,2019,Austrian Grand Prix,9.0,17.0,1.0,8.5,8.5
17.0,5,1018,2019,Austrian Grand Prix,826.0,16.0,4.0,17.0,-1.0
52.0,1,1018,2019,Austrian Grand Prix,832.0,19.0,13.0,12.0,7.0
0.0,3,1018,2019,Austrian Grand Prix,847.0,20.0,3.0,8.5,-8.5
22.0,51,1018,2019,Austrian Grand Prix,841.0,7.0,11.0,6.5,0.5
22.0,51,1018,2019,Austrian Grand Prix,8.0,6.0,12.0,6.5,-0.5
52.0,1,1018,2019,Austrian Grand Prix,846.0,5.0,15.0,12.0,-7.0
32.0,4,1018,2019,Austrian Grand Prix,817.0,12.0,9.0,13.5,-1.5
32.0,4,1018,2019,Austrian Grand Prix,807.0,15.0,8.0,13.5,1.5
169.0,9,1018,2019,Austrian Grand Prix,842.0,8.0,14.0,5.0,3.0
363.0,131,1018,2019,Austrian Grand Prix,822.0,3.0,18.0,3.5,-0.5
363.0,131,1018,2019,Austrian Grand Prix,1.0,4.0,16.0,3.5,0.5
169.0,9,1018,2019,Austrian Grand Prix,830.0,2.0,20.0,5.0,-3.0
228.0,6,1018,2019,Austrian Grand Prix,20.0,9.0,17.0,5.0,4.0
16.0,210,1018,2019,Austrian Grand Prix,154.0,11.0,5.0,10.5,0.5
16.0,210,1018,2019,Austrian Grand Prix,825.0,10.0,2.0,10.5,-0.5
228.0,6,1018,2019,Austrian Grand Prix,844.0,1.0,19.0,5.0,-4.0
0.0,3,1019,2019,British Grand Prix,9.0,20.0,6.0,19.5,0.5
26.0,51,1019,2019,British Grand Prix,841.0,11.0,3.0,11.5,-0.5
0.0,3,1019,2019,British Grand Prix,847.0,19.0,7.0,19.5,-0.5
60.0,1,1019,2019,British Grand Prix,846.0,8.0,10.0,10.5,-2.5
19.0,5,1019,2019,British Grand Prix,848.0,9.0,9.0,13.0,-4.0
19.0,5,1019,2019,British Grand Prix,826.0,17.0,12.0,13.0,4.0
19.0,211,1019,2019,British Grand Prix,815.0,15.0,4.0,16.5,-1.5
19.0,211,1019,2019,British Grand Prix,840.0,18.0,8.0,16.5,1.5
26.0,51,1019,2019,British Grand Prix,8.0,12.0,13.0,11.5,0.5
60.0,1,1019,2019,British Grand Prix,832.0,13.0,15.0,10.5,2.5
39.0,4,1019,2019,British Grand Prix,817.0,7.0,14.0,8.5,-1.5
16.0,210,1019,2019,British Grand Prix,825.0,16.0,1.0,15.0,1.0
16.0,210,1019,2019,British Grand Prix,154.0,14.0,2.0,15.0,-1.0
243.0,6,1019,2019,British Grand Prix,20.0,6.0,5.0,4.5,1.5
243.0,6,1019,2019,British Grand Prix,844.0,3.0,18.0,4.5,-1.5
191.0,9,1019,2019,British Grand Prix,830.0,4.0,16.0,4.5,-0.5
191.0,9,1019,2019,British Grand Prix,842.0,5.0,17.0,4.5,0.5
407.0,131,1019,2019,British Grand Prix,822.0,1.0,19.0,1.5,-0.5
407.0,131,1019,2019,British Grand Prix,1.0,2.0,20.0,1.5,0.5
39.0,4,1019,2019,British Grand Prix,807.0,10.0,11.0,8.5,1.5
217.0,9,1020,2019,German Grand Prix,830.0,2.0,20.0,3.0,-1.0
217.0,9,1020,2019,German Grand Prix,842.0,4.0,7.0,3.0,1.0
31.0,211,1020,2019,German Grand Prix,840.0,15.0,17.0,11.5,3.5
409.0,131,1020,2019,German Grand Prix,822.0,3.0,6.0,2.0,1.0
39.0,4,1020,2019,German Grand Prix,807.0,9.0,5.0,11.0,-2.0
39.0,4,1020,2019,German Grand Prix,817.0,13.0,2.0,11.0,2.0
409.0,131,1020,2019,German Grand Prix,1.0,1.0,12.0,2.0,-1.0
1.0,3,1020,2019,German Grand Prix,847.0,17.0,10.0,17.5,-0.5
31.0,211,1020,2019,German Grand Prix,815.0,8.0,1.0,11.5,-3.5
1.0,3,1020,2019,German Grand Prix,9.0,18.0,11.0,17.5,0.5
26.0,210,1020,2019,German Grand Prix,154.0,6.0,14.0,9.0,-3.0
261.0,6,1020,2019,German Grand Prix,20.0,20.0,19.0,15.0,5.0
26.0,210,1020,2019,German Grand Prix,825.0,12.0,13.0,9.0,3.0
26.0,51,1020,2019,German Grand Prix,841.0,11.0,8.0,8.0,3.0
26.0,51,1020,2019,German Grand Prix,8.0,5.0,9.0,8.0,-3.0
42.0,5,1020,2019,German Grand Prix,848.0,16.0,15.0,15.0,1.0
42.0,5,1020,2019,German Grand Prix,826.0,14.0,18.0,15.0,-1.0
70.0,1,1020,2019,German Grand Prix,846.0,19.0,3.0,13.0,6.0
70.0,1,1020,2019,German Grand Prix,832.0,7.0,16.0,13.0,-6.0
261.0,6,1020,2019,German Grand Prix,844.0,10.0,4.0,15.0,-5.0
31.0,211,1021,2019,Hungarian Grand Prix,840.0,18.0,4.0,17.0,1.0
31.0,211,1021,2019,Hungarian Grand Prix,815.0,16.0,10.0,17.0,-1.0
43.0,5,1021,2019,Hungarian Grand Prix,848.0,12.0,11.0,12.5,-0.5
32.0,51,1021,2019,Hungarian Grand Prix,841.0,17.0,3.0,13.5,3.5
82.0,1,1021,2019,Hungarian Grand Prix,846.0,7.0,12.0,7.5,-0.5
1.0,3,1021,2019,Hungarian Grand Prix,847.0,15.0,5.0,17.0,-2.0
1.0,3,1021,2019,Hungarian Grand Prix,9.0,19.0,2.0,17.0,2.0
82.0,1,1021,2019,Hungarian Grand Prix,832.0,8.0,16.0,7.5,0.5
32.0,51,1021,2019,Hungarian Grand Prix,8.0,10.0,14.0,13.5,-3.5
43.0,5,1021,2019,Hungarian Grand Prix,826.0,13.0,6.0,12.5,0.5
39.0,4,1021,2019,Hungarian Grand Prix,807.0,11.0,9.0,15.5,-4.5
438.0,131,1021,2019,Hungarian Grand Prix,822.0,2.0,13.0,2.5,-0.5
244.0,9,1021,2019,Hungarian Grand Prix,830.0,1.0,19.0,3.5,-2.5
244.0,9,1021,2019,Hungarian Grand Prix,842.0,6.0,15.0,3.5,2.5
39.0,4,1021,2019,Hungarian Grand Prix,817.0,20.0,7.0,15.5,4.5
438.0,131,1021,2019,Hungarian Grand Prix,1.0,3.0,20.0,2.5,0.5
288.0,6,1021,2019,Hungarian Grand Prix,844.0,4.0,17.0,4.5,-0.5
26.0,210,1021,2019,Hungarian Grand Prix,825.0,14.0,8.0,11.5,2.5
26.0,210,1021,2019,Hungarian Grand Prix,154.0,9.0,1.0,11.5,-2.5
288.0,6,1021,2019,Hungarian Grand Prix,20.0,5.0,18.0,4.5,0.5
32.0,51,1022,2019,Belgian Grand Prix,841.0,18.0,3.0,12.0,6.0
1.0,3,1022,2019,Belgian Grand Prix,9.0,20.0,4.0,7.0,-7.0
1.0,3,1022,2019,Belgian Grand Prix,847.0,14.0,6.0,7.0,7.0
82.0,1,1022,2019,Belgian Grand Prix,832.0,15.0,2.0,13.0,2.0
82.0,1,1022,2019,Belgian Grand Prix,846.0,11.0,10.0,13.0,-2.0
51.0,5,1022,2019,Belgian Grand Prix,842.0,13.0,12.0,16.0,-3.0
51.0,5,1022,2019,Belgian Grand Prix,826.0,19.0,14.0,16.0,3.0
40.0,211,1022,2019,Belgian Grand Prix,840.0,16.0,11.0,11.5,4.5
40.0,211,1022,2019,Belgian Grand Prix,815.0,7.0,15.0,11.5,-4.5
32.0,51,1022,2019,Belgian Grand Prix,8.0,6.0,5.0,12.0,-6.0
43.0,4,1022,2019,Belgian Grand Prix,817.0,10.0,7.0,11.0,-1.0
43.0,4,1022,2019,Belgian Grand Prix,807.0,12.0,13.0,11.0,1.0
471.0,131,1022,2019,Belgian Grand Prix,822.0,4.0,18.0,3.5,0.5
254.0,9,1022,2019,Belgian Grand Prix,848.0,17.0,16.0,11.0,6.0
254.0,9,1022,2019,Belgian Grand Prix,830.0,5.0,1.0,11.0,-6.0
471.0,131,1022,2019,Belgian Grand Prix,1.0,3.0,19.0,3.5,-0.5
326.0,6,1022,2019,Belgian Grand Prix,20.0,2.0,17.0,1.5,0.5
26.0,210,1022,2019,Belgian Grand Prix,825.0,8.0,9.0,8.5,-0.5
26.0,210,1022,2019,Belgian Grand Prix,154.0,9.0,8.0,8.5,0.5
326.0,6,1022,2019,Belgian Grand Prix,844.0,1.0,20.0,1.5,-0.5
34.0,51,1023,2019,Italian Grand Prix,8.0,20.0,6.0,5.0,-5.0
1.0,3,1023,2019,Italian Grand Prix,847.0,14.0,7.0,14.5,-0.5
83.0,1,1023,2019,Italian Grand Prix,832.0,7.0,1.0,11.5,-4.5
83.0,1,1023,2019,Italian Grand Prix,846.0,16.0,11.0,11.5,4.5
51.0,5,1023,2019,Italian Grand Prix,826.0,12.0,2.0,14.5,-2.5
51.0,5,1023,2019,Italian Grand Prix,842.0,17.0,10.0,14.5,2.5
46.0,211,1023,2019,Italian Grand Prix,840.0,9.0,9.0,13.5,-4.5
46.0,211,1023,2019,Italian Grand Prix,815.0,18.0,14.0,13.5,4.5
34.0,51,1023,2019,Italian Grand Prix,841.0,10.0,12.0,5.0,5.0
1.0,3,1023,2019,Italian Grand Prix,9.0,15.0,4.0,14.5,0.5
65.0,4,1023,2019,Italian Grand Prix,817.0,5.0,17.0,5.5,-0.5
505.0,131,1023,2019,Italian Grand Prix,822.0,3.0,19.0,2.5,0.5
505.0,131,1023,2019,Italian Grand Prix,1.0,2.0,18.0,2.5,-0.5
266.0,9,1023,2019,Italian Grand Prix,848.0,8.0,15.0,13.5,-5.5
266.0,9,1023,2019,Italian Grand Prix,830.0,19.0,13.0,13.5,5.5
65.0,4,1023,2019,Italian Grand Prix,807.0,6.0,16.0,5.5,0.5
351.0,6,1023,2019,Italian Grand Prix,20.0,4.0,8.0,2.5,1.5
26.0,210,1023,2019,Italian Grand Prix,154.0,13.0,5.0,12.0,1.0
26.0,210,1023,2019,Italian Grand Prix,825.0,11.0,3.0,12.0,-1.0
351.0,6,1023,2019,Italian Grand Prix,844.0,1.0,20.0,2.5,-1.5
35.0,51,1024,2019,Singapore Grand Prix,8.0,12.0,3.0,11.0,1.0
1.0,3,1024,2019,Singapore Grand Prix,9.0,19.0,5.0,18.5,0.5
89.0,1,1024,2019,Singapore Grand Prix,832.0,7.0,9.0,8.0,-1.0
89.0,1,1024,2019,Singapore Grand Prix,846.0,9.0,14.0,8.0,1.0
55.0,5,1024,2019,Singapore Grand Prix,826.0,14.0,6.0,12.5,1.5
55.0,5,1024,2019,Singapore Grand Prix,842.0,11.0,13.0,12.5,-1.5
46.0,211,1024,2019,Singapore Grand Prix,815.0,15.0,2.0,15.5,-0.5
46.0,211,1024,2019,Singapore Grand Prix,840.0,16.0,8.0,15.5,0.5
35.0,51,1024,2019,Singapore Grand Prix,841.0,10.0,11.0,11.0,-1.0
1.0,3,1024,2019,Singapore Grand Prix,847.0,18.0,1.0,18.5,-0.5
67.0,4,1024,2019,Singapore Grand Prix,807.0,8.0,12.0,14.0,-6.0
527.0,131,1024,2019,Singapore Grand Prix,1.0,2.0,17.0,3.5,-1.5
527.0,131,1024,2019,Singapore Grand Prix,822.0,5.0,16.0,3.5,1.5
289.0,9,1024,2019,Singapore Grand Prix,830.0,4.0,18.0,5.0,-1.0
289.0,9,1024,2019,Singapore Grand Prix,848.0,6.0,15.0,5.0,1.0
67.0,4,1024,2019,Singapore Grand Prix,817.0,20.0,7.0,14.0,6.0
394.0,6,1024,2019,Singapore Grand Prix,844.0,1.0,19.0,2.0,-1.0
26.0,210,1024,2019,Singapore Grand Prix,154.0,17.0,10.0,15.0,2.0
26.0,210,1024,2019,Singapore Grand Prix,825.0,13.0,4.0,15.0,-2.0
394.0,6,1024,2019,Singapore Grand Prix,20.0,3.0,20.0,2.0,1.0
35.0,51,1025,2019,Russian Grand Prix,8.0,15.0,8.0,13.5,1.5
1.0,3,1025,2019,Russian Grand Prix,9.0,18.0,5.0,17.5,0.5
101.0,1,1025,2019,Russian Grand Prix,846.0,7.0,13.0,6.0,1.0
101.0,1,1025,2019,Russian Grand Prix,832.0,5.0,15.0,6.0,-1.0
55.0,5,1025,2019,Russian Grand Prix,842.0,16.0,7.0,17.5,-1.5
55.0,5,1025,2019,Russian Grand Prix,826.0,19.0,9.0,17.5,1.5
52.0,211,1025,2019,Russian Grand Prix,840.0,14.0,10.0,12.5,1.5
52.0,211,1025,2019,Russian Grand Prix,815.0,11.0,14.0,12.5,-1.5
35.0,51,1025,2019,Russian Grand Prix,841.0,12.0,6.0,13.5,-1.5
1.0,3,1025,2019,Russian Grand Prix,847.0,17.0,4.0,17.5,-0.5
68.0,4,1025,2019,Russian Grand Prix,817.0,10.0,2.0,8.0,2.0
28.0,210,1025,2019,Russian Grand Prix,154.0,8.0,1.0,10.5,-2.5
28.0,210,1025,2019,Russian Grand Prix,825.0,13.0,12.0,10.5,2.5
409.0,6,1025,2019,Russian Grand Prix,20.0,3.0,3.0,2.0,1.0
409.0,6,1025,2019,Russian Grand Prix,844.0,1.0,18.0,2.0,-1.0
311.0,9,1025,2019,Russian Grand Prix,848.0,20.0,16.0,4.5,-4.5
311.0,9,1025,2019,Russian Grand Prix,830.0,9.0,17.0,4.5,4.5
571.0,131,1025,2019,Russian Grand Prix,822.0,4.0,19.0,3.0,1.0
571.0,131,1025,2019,Russian Grand Prix,1.0,2.0,20.0,3.0,-1.0
68.0,4,1025,2019,Russian Grand Prix,807.0,6.0,11.0,8.0,-2.0
323.0,9,1026,2019,Japanese Grand Prix,848.0,6.0,17.0,5.5,0.5
323.0,9,1026,2019,Japanese Grand Prix,830.0,5.0,3.0,5.5,-0.5
612.0,131,1026,2019,Japanese Grand Prix,1.0,4.0,18.0,3.5,0.5
435.0,6,1026,2019,Japanese Grand Prix,844.0,2.0,15.0,1.5,0.5
68.0,4,1026,2019,Japanese Grand Prix,817.0,16.0,2.0,15.5,0.5
68.0,4,1026,2019,Japanese Grand Prix,807.0,15.0,1.0,15.5,-0.5
612.0,131,1026,2019,Japanese Grand Prix,822.0,3.0,20.0,3.5,-0.5
28.0,210,1026,2019,Japanese Grand Prix,825.0,19.0,6.0,14.5,4.5
435.0,6,1026,2019,Japanese Grand Prix,20.0,1.0,19.0,1.5,-0.5
28.0,210,1026,2019,Japanese Grand Prix,154.0,10.0,8.0,14.5,-4.5
35.0,51,1026,2019,Japanese Grand Prix,8.0,13.0,9.0,12.0,1.0
1.0,3,1026,2019,Japanese Grand Prix,847.0,18.0,5.0,9.0,9.0
1.0,3,1026,2019,Japanese Grand Prix,9.0,20.0,4.0,9.0,-9.0
111.0,1,1026,2019,Japanese Grand Prix,832.0,7.0,16.0,7.5,-0.5
111.0,1,1026,2019,Japanese Grand Prix,846.0,8.0,10.0,7.5,0.5
35.0,51,1026,2019,Japanese Grand Prix,841.0,11.0,7.0,12.0,-1.0
62.0,5,1026,2019,Japanese Grand Prix,826.0,14.0,11.0,11.5,2.5
58.0,211,1026,2019,Japanese Grand Prix,815.0,17.0,13.0,14.5,2.5
58.0,211,1026,2019,Japanese Grand Prix,840.0,12.0,12.0,14.5,-2.5
62.0,5,1026,2019,Japanese Grand Prix,842.0,9.0,14.0,11.5,-2.5
466.0,6,1027,2019,Mexican Grand Prix,844.0,1.0,17.0,1.5,-0.5
652.0,131,1027,2019,Mexican Grand Prix,1.0,3.0,20.0,4.5,-1.5
73.0,4,1027,2019,Mexican Grand Prix,807.0,12.0,11.0,12.5,-0.5
73.0,4,1027,2019,Mexican Grand Prix,817.0,13.0,13.0,12.5,0.5
28.0,210,1027,2019,Mexican Grand Prix,154.0,18.0,4.0,17.5,0.5
28.0,210,1027,2019,Mexican Grand Prix,825.0,17.0,6.0,17.5,-0.5
341.0,9,1027,2019,Mexican Grand Prix,830.0,4.0,15.0,4.5,-0.5
341.0,9,1027,2019,Mexican Grand Prix,848.0,5.0,16.0,4.5,0.5
466.0,6,1027,2019,Mexican Grand Prix,20.0,2.0,19.0,1.5,0.5
652.0,131,1027,2019,Mexican Grand Prix,822.0,6.0,18.0,4.5,1.5
35.0,51,1027,2019,Mexican Grand Prix,841.0,15.0,7.0,14.5,0.5
1.0,3,1027,2019,Mexican Grand Prix,847.0,19.0,5.0,19.5,-0.5
1.0,3,1027,2019,Mexican Grand Prix,9.0,20.0,3.0,19.5,0.5
111.0,1,1027,2019,Mexican Grand Prix,832.0,7.0,8.0,7.5,-0.5
111.0,1,1027,2019,Mexican Grand Prix,846.0,8.0,1.0,7.5,0.5
35.0,51,1027,2019,Mexican Grand Prix,8.0,14.0,2.0,14.5,-0.5
64.0,5,1027,2019,Mexican Grand Prix,826.0,9.0,10.0,9.5,-0.5
64.0,211,1027,2019,Mexican Grand Prix,815.0,11.0,14.0,13.5,-2.5
64.0,211,1027,2019,Mexican Grand Prix,840.0,16.0,9.0,13.5,2.5
64.0,5,1027,2019,Mexican Grand Prix,842.0,10.0,12.0,9.5,0.5
35.0,51,1028,2019,United States Grand Prix,8.0,17.0,10.0,16.5,0.5
1.0,3,1028,2019,United States Grand Prix,847.0,18.0,4.0,18.5,-0.5
121.0,1,1028,2019,United States Grand Prix,832.0,7.0,13.0,7.5,-0.5
121.0,1,1028,2019,United States Grand Prix,846.0,8.0,14.0,7.5,0.5
64.0,5,1028,2019,United States Grand Prix,842.0,10.0,5.0,11.5,-1.5
64.0,5,1028,2019,United States Grand Prix,826.0,13.0,9.0,11.5,1.5
65.0,211,1028,2019,United States Grand Prix,840.0,14.0,8.0,7.0,7.0
65.0,211,1028,2019,United States Grand Prix,815.0,20.0,11.0,7.0,-7.0
35.0,51,1028,2019,United States Grand Prix,841.0,16.0,7.0,16.5,-0.5
1.0,3,1028,2019,United States Grand Prix,9.0,19.0,2.0,18.5,0.5
83.0,4,1028,2019,United States Grand Prix,807.0,11.0,12.0,10.0,1.0
28.0,210,1028,2019,United States Grand Prix,825.0,12.0,3.0,13.5,-1.5
28.0,210,1028,2019,United States Grand Prix,154.0,15.0,6.0,13.5,1.5
479.0,6,1028,2019,United States Grand Prix,20.0,2.0,1.0,3.0,-1.0
479.0,6,1028,2019,United States Grand Prix,844.0,4.0,17.0,3.0,1.0
366.0,9,1028,2019,United States Grand Prix,848.0,6.0,16.0,4.5,1.5
366.0,9,1028,2019,United States Grand Prix,830.0,3.0,18.0,4.5,-1.5
695.0,131,1028,2019,United States Grand Prix,1.0,5.0,19.0,3.0,2.0
695.0,131,1028,2019,United States Grand Prix,822.0,1.0,20.0,3.0,-2.0
83.0,4,1028,2019,United States Grand Prix,817.0,9.0,15.0,10.0,-1.0
67.0,211,1029,2019,Brazilian Grand Prix,815.0,15.0,12.0,16.0,-1.0
67.0,211,1029,2019,Brazilian Grand Prix,840.0,17.0,2.0,16.0,1.0
83.0,5,1029,2019,Brazilian Grand Prix,842.0,6.0,19.0,11.0,-5.0
1.0,3,1029,2019,Brazilian Grand Prix,9.0,19.0,5.0,18.5,0.5
1.0,3,1029,2019,Brazilian Grand Prix,847.0,18.0,9.0,18.5,-0.5
140.0,1,1029,2019,Brazilian Grand Prix,832.0,20.0,18.0,15.0,5.0
140.0,1,1029,2019,Brazilian Grand Prix,846.0,10.0,13.0,15.0,-5.0
57.0,51,1029,2019,Brazilian Grand Prix,841.0,12.0,16.0,10.0,2.0
83.0,5,1029,2019,Brazilian Grand Prix,826.0,16.0,11.0,11.0,5.0
57.0,51,1029,2019,Brazilian Grand Prix,8.0,8.0,17.0,10.0,-2.0
479.0,6,1029,2019,Brazilian Grand Prix,20.0,2.0,4.0,8.0,-6.0
91.0,4,1029,2019,Brazilian Grand Prix,817.0,11.0,15.0,12.0,-1.0
28.0,210,1029,2019,Brazilian Grand Prix,154.0,7.0,8.0,8.0,-1.0
28.0,210,1029,2019,Brazilian Grand Prix,825.0,9.0,10.0,8.0,1.0
479.0,6,1029,2019,Brazilian Grand Prix,844.0,14.0,3.0,8.0,6.0
391.0,9,1029,2019,Brazilian Grand Prix,848.0,5.0,7.0,3.0,2.0
391.0,9,1029,2019,Brazilian Grand Prix,830.0,1.0,20.0,3.0,-2.0
701.0,131,1029,2019,Brazilian Grand Prix,822.0,4.0,1.0,3.5,0.5
701.0,131,1029,2019,Brazilian Grand Prix,1.0,3.0,14.0,3.5,-0.5
91.0,4,1029,2019,Brazilian Grand Prix,807.0,13.0,6.0,12.0,1.0
73.0,211,1030,2019,Abu Dhabi Grand Prix,815.0,10.0,14.0,11.0,-1.0
73.0,211,1030,2019,Abu Dhabi Grand Prix,840.0,12.0,1.0,11.0,1.0
85.0,5,1030,2019,Abu Dhabi Grand Prix,842.0,11.0,3.0,12.0,-1.0
1.0,3,1030,2019,Abu Dhabi Grand Prix,9.0,19.0,2.0,18.5,0.5
145.0,1,1030,2019,Abu Dhabi Grand Prix,832.0,8.0,11.0,7.0,1.0
1.0,3,1030,2019,Abu Dhabi Grand Prix,847.0,18.0,4.0,18.5,-0.5
57.0,51,1030,2019,Abu Dhabi Grand Prix,841.0,16.0,5.0,16.5,-0.5
145.0,1,1030,2019,Abu Dhabi Grand Prix,846.0,6.0,13.0,7.0,-1.0
57.0,51,1030,2019,Abu Dhabi Grand Prix,8.0,17.0,8.0,16.5,0.5
85.0,5,1030,2019,Abu Dhabi Grand Prix,826.0,13.0,12.0,12.0,1.0
91.0,4,1030,2019,Abu Dhabi Grand Prix,817.0,7.0,10.0,8.0,-1.0
91.0,4,1030,2019,Abu Dhabi Grand Prix,807.0,9.0,9.0,8.0,1.0
739.0,131,1030,2019,Abu Dhabi Grand Prix,822.0,20.0,17.0,10.5,9.5
417.0,9,1030,2019,Abu Dhabi Grand Prix,830.0,2.0,19.0,3.5,-1.5
417.0,9,1030,2019,Abu Dhabi Grand Prix,848.0,5.0,15.0,3.5,1.5
739.0,131,1030,2019,Abu Dhabi Grand Prix,1.0,1.0,20.0,10.5,-9.5
504.0,6,1030,2019,Abu Dhabi Grand Prix,20.0,4.0,16.0,3.5,0.5
28.0,210,1030,2019,Abu Dhabi Grand Prix,825.0,14.0,7.0,14.5,-0.5
28.0,210,1030,2019,Abu Dhabi Grand Prix,154.0,15.0,6.0,14.5,0.5
504.0,6,1030,2019,Abu Dhabi Grand Prix,844.0,3.0,18.0,3.5,-0.5
37.0,131,1031,2020,Austrian Grand Prix,1.0,5.0,17.0,3.0,2.0
0.0,9,1031,2020,Austrian Grand Prix,848.0,4.0,8.0,3.0,1.0
0.0,9,1031,2020,Austrian Grand Prix,830.0,2.0,1.0,3.0,-1.0
0.0,3,1031,2020,Austrian Grand Prix,849.0,20.0,10.0,18.5,1.5
0.0,3,1031,2020,Austrian Grand Prix,847.0,17.0,6.0,18.5,-1.5
2.0,51,1031,2020,Austrian Grand Prix,841.0,18.0,12.0,18.5,-0.5
2.0,51,1031,2020,Austrian Grand Prix,8.0,19.0,7.0,18.5,0.5
4.0,4,1031,2020,Austrian Grand Prix,817.0,10.0,2.0,12.0,-2.0
26.0,1,1031,2020,Austrian Grand Prix,846.0,3.0,18.0,5.5,-2.5
6.0,213,1031,2020,Austrian Grand Prix,826.0,13.0,9.0,12.5,0.5
8.0,211,1031,2020,Austrian Grand Prix,815.0,6.0,15.0,7.5,-1.5
8.0,211,1031,2020,Austrian Grand Prix,840.0,9.0,3.0,7.5,1.5
26.0,1,1031,2020,Austrian Grand Prix,832.0,8.0,16.0,5.5,2.5
19.0,6,1031,2020,Austrian Grand Prix,844.0,7.0,19.0,9.0,-2.0
19.0,6,1031,2020,Austrian Grand Prix,20.0,11.0,11.0,9.0,2.0
37.0,131,1031,2020,Austrian Grand Prix,822.0,1.0,20.0,3.0,-2.0
0.0,210,1031,2020,Austrian Grand Prix,825.0,16.0,4.0,15.5,0.5
6.0,213,1031,2020,Austrian Grand Prix,842.0,12.0,14.0,12.5,-0.5
0.0,210,1031,2020,Austrian Grand Prix,154.0,15.0,5.0,15.5,-0.5
4.0,4,1031,2020,Austrian Grand Prix,839.0,14.0,13.0,12.0,2.0
0.0,210,1032,2020,Styrian Grand Prix,154.0,20.0,8.0,7.5,-7.5
27.0,9,1032,2020,Styrian Grand Prix,848.0,6.0,17.0,4.0,2.0
80.0,131,1032,2020,Styrian Grand Prix,1.0,1.0,20.0,2.5,-1.5
80.0,131,1032,2020,Styrian Grand Prix,822.0,4.0,19.0,2.5,1.5
19.0,6,1032,2020,Styrian Grand Prix,844.0,14.0,2.0,12.0,2.0
19.0,6,1032,2020,Styrian Grand Prix,20.0,10.0,1.0,12.0,-2.0
39.0,1,1032,2020,Styrian Grand Prix,846.0,9.0,16.0,6.0,3.0
39.0,1,1032,2020,Styrian Grand Prix,832.0,3.0,12.0,6.0,-3.0
0.0,210,1032,2020,Styrian Grand Prix,825.0,15.0,9.0,7.5,7.5
22.0,211,1032,2020,Styrian Grand Prix,815.0,17.0,15.0,14.5,2.5
7.0,213,1032,2020,Styrian Grand Prix,826.0,13.0,11.0,10.0,3.0
7.0,213,1032,2020,Styrian Grand Prix,842.0,7.0,6.0,10.0,-3.0
8.0,4,1032,2020,Styrian Grand Prix,817.0,8.0,13.0,6.5,1.5
8.0,4,1032,2020,Styrian Grand Prix,839.0,5.0,3.0,6.5,-1.5
2.0,51,1032,2020,Styrian Grand Prix,8.0,16.0,10.0,17.5,-1.5
2.0,51,1032,2020,Styrian Grand Prix,841.0,19.0,7.0,17.5,1.5
0.0,3,1032,2020,Styrian Grand Prix,847.0,11.0,5.0,14.5,-3.5
22.0,211,1032,2020,Styrian Grand Prix,840.0,12.0,14.0,14.5,-2.5
0.0,3,1032,2020,Styrian Grand Prix,849.0,18.0,4.0,14.5,3.5
27.0,9,1032,2020,Styrian Grand Prix,830.0,2.0,18.0,4.0,-2.0
55.0,9,1033,2020,Hungarian Grand Prix,848.0,13.0,16.0,10.0,3.0
121.0,131,1033,2020,Hungarian Grand Prix,822.0,2.0,18.0,1.5,0.5
121.0,131,1033,2020,Hungarian Grand Prix,1.0,1.0,20.0,1.5,-0.5
2.0,51,1033,2020,Hungarian Grand Prix,841.0,19.0,4.0,19.5,-0.5
2.0,51,1033,2020,Hungarian Grand Prix,8.0,20.0,6.0,19.5,0.5
1.0,210,1033,2020,Hungarian Grand Prix,154.0,20.0,5.0,0.0,0.0
1.0,210,1033,2020,Hungarian Grand Prix,825.0,20.0,11.0,0.0,0.0
41.0,1,1033,2020,Hungarian Grand Prix,832.0,9.0,12.0,8.5,0.5
55.0,9,1033,2020,Hungarian Grand Prix,830.0,7.0,19.0,10.0,-3.0
27.0,6,1033,2020,Hungarian Grand Prix,844.0,6.0,10.0,5.5,0.5
40.0,211,1033,2020,Hungarian Grand Prix,815.0,4.0,14.0,3.5,0.5
40.0,211,1033,2020,Hungarian Grand Prix,840.0,3.0,17.0,3.5,-0.5
7.0,213,1033,2020,Hungarian Grand Prix,842.0,10.0,1.0,13.5,-3.5
7.0,213,1033,2020,Hungarian Grand Prix,826.0,17.0,9.0,13.5,3.5
12.0,4,1033,2020,Hungarian Grand Prix,839.0,14.0,7.0,12.5,1.5
12.0,4,1033,2020,Hungarian Grand Prix,817.0,11.0,13.0,12.5,-1.5
0.0,3,1033,2020,Hungarian Grand Prix,847.0,12.0,3.0,13.5,-1.5
27.0,6,1033,2020,Hungarian Grand Prix,20.0,5.0,15.0,5.5,-0.5
41.0,1,1033,2020,Hungarian Grand Prix,846.0,8.0,8.0,8.5,-0.5
0.0,3,1033,2020,Hungarian Grand Prix,849.0,15.0,2.0,13.5,1.5
1.0,210,1034,2020,British Grand Prix,154.0,17.0,5.0,15.5,1.5
146.0,131,1034,2020,British Grand Prix,822.0,2.0,10.0,1.5,0.5
146.0,131,1034,2020,British Grand Prix,1.0,1.0,20.0,1.5,-0.5
43.0,6,1034,2020,British Grand Prix,20.0,10.0,11.0,7.0,3.0
43.0,6,1034,2020,British Grand Prix,844.0,4.0,18.0,7.0,-3.0
51.0,1,1034,2020,British Grand Prix,832.0,7.0,8.0,6.0,1.0
51.0,1,1034,2020,British Grand Prix,846.0,5.0,16.0,6.0,-1.0
42.0,211,1034,2020,British Grand Prix,807.0,13.0,1.0,9.5,3.5
42.0,211,1034,2020,British Grand Prix,840.0,6.0,12.0,9.5,-3.5
13.0,213,1034,2020,British Grand Prix,826.0,19.0,3.0,15.0,4.0
13.0,213,1034,2020,British Grand Prix,842.0,11.0,14.0,15.0,-4.0
32.0,4,1034,2020,British Grand Prix,817.0,8.0,17.0,8.5,-0.5
2.0,51,1034,2020,British Grand Prix,8.0,16.0,4.0,15.5,0.5
2.0,51,1034,2020,British Grand Prix,841.0,15.0,7.0,15.5,-0.5
0.0,3,1034,2020,British Grand Prix,849.0,18.0,6.0,19.0,-1.0
0.0,3,1034,2020,British Grand Prix,847.0,20.0,9.0,19.0,1.0
78.0,9,1034,2020,British Grand Prix,848.0,12.0,13.0,7.5,4.5
78.0,9,1034,2020,British Grand Prix,830.0,3.0,19.0,7.5,-4.5
1.0,210,1034,2020,British Grand Prix,825.0,14.0,2.0,15.5,-1.5
32.0,4,1034,2020,British Grand Prix,839.0,9.0,15.0,8.5,0.5
2.0,51,1035,2020,70th Anniversary Grand Prix,841.0,19.0,4.0,19.5,-0.5
2.0,51,1035,2020,70th Anniversary Grand Prix,8.0,20.0,6.0,19.5,0.5
36.0,4,1035,2020,70th Anniversary Grand Prix,817.0,5.0,7.0,9.5,-4.5
0.0,3,1035,2020,70th Anniversary Grand Prix,847.0,15.0,3.0,16.5,-1.5
1.0,210,1035,2020,70th Anniversary Grand Prix,154.0,13.0,5.0,15.0,-2.0
113.0,9,1035,2020,70th Anniversary Grand Prix,830.0,4.0,20.0,6.5,-2.5
113.0,9,1035,2020,70th Anniversary Grand Prix,848.0,9.0,16.0,6.5,2.5
36.0,4,1035,2020,70th Anniversary Grand Prix,839.0,14.0,13.0,9.5,4.5
1.0,210,1035,2020,70th Anniversary Grand Prix,825.0,17.0,1.0,15.0,2.0
0.0,3,1035,2020,70th Anniversary Grand Prix,849.0,18.0,2.0,16.5,1.5
14.0,213,1035,2020,70th Anniversary Grand Prix,842.0,7.0,10.0,11.5,-4.5
55.0,6,1035,2020,70th Anniversary Grand Prix,20.0,11.0,9.0,9.5,1.5
41.0,211,1035,2020,70th Anniversary Grand Prix,807.0,3.0,14.0,4.5,-1.5
41.0,211,1035,2020,70th Anniversary Grand Prix,840.0,6.0,15.0,4.5,1.5
53.0,1,1035,2020,70th Anniversary Grand Prix,832.0,12.0,8.0,11.0,1.0
53.0,1,1035,2020,70th Anniversary Grand Prix,846.0,10.0,12.0,11.0,-1.0
55.0,6,1035,2020,70th Anniversary Grand Prix,844.0,8.0,17.0,9.5,-1.5
180.0,131,1035,2020,70th Anniversary Grand Prix,822.0,1.0,18.0,1.5,-0.5
180.0,131,1035,2020,70th Anniversary Grand Prix,1.0,2.0,19.0,1.5,0.5
14.0,213,1035,2020,70th Anniversary Grand Prix,826.0,16.0,11.0,11.5,4.5
36.0,4,1036,2020,Spanish Grand Prix,839.0,15.0,8.0,14.0,1.0
2.0,51,1036,2020,Spanish Grand Prix,8.0,14.0,7.0,17.0,-3.0
2.0,51,1036,2020,Spanish Grand Prix,841.0,20.0,5.0,17.0,3.0
0.0,3,1036,2020,Spanish Grand Prix,847.0,18.0,4.0,18.5,-0.5
36.0,4,1036,2020,Spanish Grand Prix,817.0,13.0,10.0,14.0,-1.0
135.0,9,1036,2020,Spanish Grand Prix,830.0,3.0,19.0,4.5,-1.5
135.0,9,1036,2020,Spanish Grand Prix,848.0,6.0,13.0,4.5,1.5
1.0,210,1036,2020,Spanish Grand Prix,825.0,16.0,6.0,16.5,-0.5
1.0,210,1036,2020,Spanish Grand Prix,154.0,17.0,2.0,16.5,0.5
0.0,3,1036,2020,Spanish Grand Prix,849.0,19.0,3.0,18.5,0.5
16.0,213,1036,2020,Spanish Grand Prix,826.0,12.0,9.0,11.0,1.0
61.0,6,1036,2020,Spanish Grand Prix,20.0,11.0,14.0,10.0,1.0
63.0,211,1036,2020,Spanish Grand Prix,815.0,4.0,16.0,4.5,-0.5
63.0,211,1036,2020,Spanish Grand Prix,840.0,5.0,17.0,4.5,0.5
62.0,1,1036,2020,Spanish Grand Prix,846.0,8.0,11.0,7.5,0.5
62.0,1,1036,2020,Spanish Grand Prix,832.0,7.0,15.0,7.5,-0.5
61.0,6,1036,2020,Spanish Grand Prix,844.0,9.0,1.0,10.0,-1.0
221.0,131,1036,2020,Spanish Grand Prix,822.0,2.0,18.0,1.5,0.5
221.0,131,1036,2020,Spanish Grand Prix,1.0,1.0,20.0,1.5,-0.5
16.0,213,1036,2020,Spanish Grand Prix,842.0,10.0,12.0,11.0,-1.0
59.0,4,1037,2020,Belgian Grand Prix,839.0,6.0,16.0,5.0,1.0
2.0,51,1037,2020,Belgian Grand Prix,8.0,16.0,9.0,17.0,-1.0
2.0,51,1037,2020,Belgian Grand Prix,841.0,18.0,3.0,17.0,1.0
0.0,3,1037,2020,Belgian Grand Prix,849.0,19.0,5.0,17.0,2.0
1.0,210,1037,2020,Belgian Grand Prix,825.0,20.0,4.0,18.5,1.5
158.0,9,1037,2020,Belgian Grand Prix,830.0,3.0,18.0,4.0,-1.0
158.0,9,1037,2020,Belgian Grand Prix,848.0,5.0,15.0,4.0,1.0
59.0,4,1037,2020,Belgian Grand Prix,817.0,4.0,17.0,5.0,-1.0
1.0,210,1037,2020,Belgian Grand Prix,154.0,17.0,6.0,18.5,-1.5
0.0,3,1037,2020,Belgian Grand Prix,847.0,15.0,2.0,17.0,-2.0
20.0,213,1037,2020,Belgian Grand Prix,826.0,11.0,10.0,11.5,-0.5
61.0,6,1037,2020,Belgian Grand Prix,20.0,14.0,8.0,13.5,0.5
66.0,211,1037,2020,Belgian Grand Prix,815.0,8.0,11.0,8.5,-0.5
264.0,131,1037,2020,Belgian Grand Prix,1.0,1.0,20.0,1.5,-0.5
264.0,131,1037,2020,Belgian Grand Prix,822.0,2.0,19.0,1.5,0.5
61.0,6,1037,2020,Belgian Grand Prix,844.0,13.0,7.0,13.5,-0.5
20.0,213,1037,2020,Belgian Grand Prix,842.0,12.0,13.0,11.5,0.5
68.0,1,1037,2020,Belgian Grand Prix,832.0,7.0,1.0,8.5,-1.5
66.0,211,1037,2020,Belgian Grand Prix,840.0,9.0,12.0,8.5,0.5
68.0,1,1037,2020,Belgian Grand Prix,846.0,10.0,14.0,8.5,1.5
1.0,210,1038,2020,Italian Grand Prix,825.0,15.0,2.0,15.5,-0.5
71.0,4,1038,2020,Italian Grand Prix,817.0,7.0,15.0,9.5,-2.5
158.0,9,1038,2020,Italian Grand Prix,830.0,5.0,4.0,7.0,-2.0
158.0,9,1038,2020,Italian Grand Prix,848.0,9.0,6.0,7.0,2.0
0.0,3,1038,2020,Italian Grand Prix,847.0,19.0,7.0,19.5,-0.5
0.0,3,1038,2020,Italian Grand Prix,849.0,20.0,10.0,19.5,0.5
2.0,51,1038,2020,Italian Grand Prix,841.0,18.0,5.0,16.0,2.0
2.0,51,1038,2020,Italian Grand Prix,8.0,14.0,8.0,16.0,-2.0
71.0,4,1038,2020,Italian Grand Prix,839.0,12.0,13.0,9.5,2.5
47.0,213,1038,2020,Italian Grand Prix,826.0,11.0,12.0,10.5,0.5
1.0,210,1038,2020,Italian Grand Prix,154.0,16.0,9.0,15.5,0.5
82.0,211,1038,2020,Italian Grand Prix,815.0,4.0,11.0,6.0,-2.0
281.0,131,1038,2020,Italian Grand Prix,822.0,2.0,16.0,1.5,0.5
281.0,131,1038,2020,Italian Grand Prix,1.0,1.0,14.0,1.5,-0.5
61.0,6,1038,2020,Italian Grand Prix,844.0,13.0,3.0,15.0,-2.0
47.0,213,1038,2020,Italian Grand Prix,842.0,10.0,20.0,10.5,-0.5
98.0,1,1038,2020,Italian Grand Prix,832.0,3.0,19.0,4.5,-1.5
98.0,1,1038,2020,Italian Grand Prix,846.0,6.0,17.0,4.5,1.5
82.0,211,1038,2020,Italian Grand Prix,840.0,8.0,18.0,6.0,2.0
61.0,6,1038,2020,Italian Grand Prix,20.0,17.0,1.0,15.0,2.0
1.0,210,1039,2020,Tuscan Grand Prix,825.0,20.0,5.0,17.5,2.5
53.0,213,1039,2020,Tuscan Grand Prix,842.0,16.0,1.0,14.0,2.0
173.0,9,1039,2020,Tuscan Grand Prix,830.0,3.0,2.0,3.5,-0.5
173.0,9,1039,2020,Tuscan Grand Prix,848.0,4.0,18.0,3.5,0.5
0.0,3,1039,2020,Tuscan Grand Prix,849.0,19.0,6.0,18.5,0.5
0.0,3,1039,2020,Tuscan Grand Prix,847.0,18.0,10.0,18.5,-0.5
4.0,51,1039,2020,Tuscan Grand Prix,841.0,17.0,4.0,15.0,2.0
4.0,51,1039,2020,Tuscan Grand Prix,8.0,13.0,12.0,15.0,-2.0
83.0,4,1039,2020,Tuscan Grand Prix,839.0,10.0,7.0,9.0,1.0
83.0,4,1039,2020,Tuscan Grand Prix,817.0,8.0,17.0,9.0,-1.0
1.0,210,1039,2020,Tuscan Grand Prix,154.0,15.0,9.0,17.5,-2.5
53.0,213,1039,2020,Tuscan Grand Prix,826.0,12.0,14.0,14.0,-2.0
92.0,211,1039,2020,Tuscan Grand Prix,815.0,7.0,16.0,6.5,0.5
106.0,1,1039,2020,Tuscan Grand Prix,832.0,9.0,3.0,10.0,-1.0
106.0,1,1039,2020,Tuscan Grand Prix,846.0,11.0,15.0,10.0,1.0
66.0,6,1039,2020,Tuscan Grand Prix,20.0,14.0,11.0,9.5,4.5
66.0,6,1039,2020,Tuscan Grand Prix,844.0,5.0,13.0,9.5,-4.5
325.0,131,1039,2020,Tuscan Grand Prix,822.0,2.0,19.0,1.5,0.5
325.0,131,1039,2020,Tuscan Grand Prix,1.0,1.0,20.0,1.5,-0.5
92.0,211,1039,2020,Tuscan Grand Prix,840.0,6.0,8.0,6.5,-0.5
4.0,51,1040,2020,Russian Grand Prix,841.0,17.0,10.0,18.0,-1.0
4.0,51,1040,2020,Russian Grand Prix,8.0,19.0,7.0,18.0,1.0
0.0,3,1040,2020,Russian Grand Prix,849.0,20.0,5.0,16.5,3.5
0.0,3,1040,2020,Russian Grand Prix,847.0,13.0,3.0,16.5,-3.5
99.0,4,1040,2020,Russian Grand Prix,839.0,7.0,14.0,6.0,1.0
192.0,9,1040,2020,Russian Grand Prix,848.0,15.0,11.0,8.5,6.5
1.0,210,1040,2020,Russian Grand Prix,154.0,16.0,4.0,17.0,-1.0
1.0,210,1040,2020,Russian Grand Prix,825.0,18.0,9.0,17.0,1.0
192.0,9,1040,2020,Russian Grand Prix,830.0,2.0,19.0,8.5,-6.5
99.0,4,1040,2020,Russian Grand Prix,817.0,5.0,16.0,6.0,-1.0
366.0,131,1040,2020,Russian Grand Prix,822.0,3.0,20.0,2.0,1.0
59.0,213,1040,2020,Russian Grand Prix,826.0,11.0,13.0,10.0,1.0
366.0,131,1040,2020,Russian Grand Prix,1.0,1.0,18.0,2.0,-1.0
74.0,6,1040,2020,Russian Grand Prix,844.0,10.0,15.0,12.0,-2.0
74.0,6,1040,2020,Russian Grand Prix,20.0,14.0,8.0,12.0,2.0
59.0,213,1040,2020,Russian Grand Prix,842.0,9.0,12.0,10.0,-1.0
106.0,1,1040,2020,Russian Grand Prix,832.0,6.0,2.0,7.0,-1.0
104.0,211,1040,2020,Russian Grand Prix,815.0,4.0,17.0,8.0,-4.0
104.0,211,1040,2020,Russian Grand Prix,840.0,12.0,1.0,8.0,4.0
106.0,1,1040,2020,Russian Grand Prix,846.0,8.0,6.0,7.0,1.0
3.0,210,1041,2020,Eifel Grand Prix,825.0,15.0,8.0,15.5,-0.5
114.0,4,1041,2020,Eifel Grand Prix,817.0,6.0,18.0,6.5,-0.5
211.0,9,1041,2020,Eifel Grand Prix,848.0,5.0,4.0,4.0,1.0
211.0,9,1041,2020,Eifel Grand Prix,830.0,3.0,19.0,4.0,-1.0
0.0,3,1041,2020,Eifel Grand Prix,847.0,17.0,1.0,17.5,-0.5
0.0,3,1041,2020,Eifel Grand Prix,849.0,18.0,7.0,17.5,0.5
5.0,51,1041,2020,Eifel Grand Prix,8.0,19.0,9.0,16.5,2.5
5.0,51,1041,2020,Eifel Grand Prix,841.0,14.0,11.0,16.5,-2.5
114.0,4,1041,2020,Eifel Grand Prix,839.0,7.0,3.0,6.5,0.5
3.0,210,1041,2020,Eifel Grand Prix,154.0,16.0,12.0,15.5,0.5
67.0,213,1041,2020,Eifel Grand Prix,826.0,13.0,6.0,12.5,0.5
120.0,211,1041,2020,Eifel Grand Prix,807.0,20.0,13.0,14.5,5.5
120.0,211,1041,2020,Eifel Grand Prix,815.0,9.0,17.0,14.5,-5.5
116.0,1,1041,2020,Eifel Grand Prix,846.0,8.0,5.0,9.0,-1.0
116.0,1,1041,2020,Eifel Grand Prix,832.0,10.0,16.0,9.0,1.0
80.0,6,1041,2020,Eifel Grand Prix,20.0,11.0,10.0,7.5,3.5
80.0,6,1041,2020,Eifel Grand Prix,844.0,4.0,14.0,7.5,-3.5
391.0,131,1041,2020,Eifel Grand Prix,822.0,1.0,2.0,1.5,-0.5
391.0,131,1041,2020,Eifel Grand Prix,1.0,2.0,20.0,1.5,0.5
67.0,213,1041,2020,Eifel Grand Prix,842.0,12.0,15.0,12.5,-0.5
5.0,51,1042,2020,Portuguese Grand Prix,8.0,16.0,10.0,16.5,-0.5
5.0,51,1042,2020,Portuguese Grand Prix,841.0,17.0,6.0,16.5,0.5
120.0,4,1042,2020,Portuguese Grand Prix,817.0,10.0,12.0,10.5,-0.5
3.0,210,1042,2020,Portuguese Grand Prix,154.0,18.0,4.0,18.5,-0.5
226.0,9,1042,2020,Portuguese Grand Prix,830.0,3.0,18.0,4.5,-1.5
226.0,9,1042,2020,Portuguese Grand Prix,848.0,6.0,9.0,4.5,1.5
3.0,210,1042,2020,Portuguese Grand Prix,825.0,19.0,5.0,18.5,0.5
0.0,3,1042,2020,Portuguese Grand Prix,849.0,20.0,3.0,17.0,3.0
120.0,4,1042,2020,Portuguese Grand Prix,839.0,11.0,13.0,10.5,0.5
0.0,3,1042,2020,Portuguese Grand Prix,847.0,14.0,7.0,17.0,-3.0
77.0,213,1042,2020,Portuguese Grand Prix,842.0,9.0,16.0,11.0,-2.0
435.0,131,1042,2020,Portuguese Grand Prix,1.0,1.0,20.0,1.5,-0.5
435.0,131,1042,2020,Portuguese Grand Prix,822.0,2.0,19.0,1.5,0.5
93.0,6,1042,2020,Portuguese Grand Prix,844.0,4.0,17.0,9.5,-5.5
93.0,6,1042,2020,Portuguese Grand Prix,20.0,15.0,11.0,9.5,5.5
77.0,213,1042,2020,Portuguese Grand Prix,826.0,13.0,2.0,11.0,2.0
124.0,1,1042,2020,Portuguese Grand Prix,846.0,8.0,8.0,7.5,0.5
126.0,211,1042,2020,Portuguese Grand Prix,815.0,5.0,14.0,8.5,-3.5
126.0,211,1042,2020,Portuguese Grand Prix,840.0,12.0,1.0,8.5,3.5
124.0,1,1042,2020,Portuguese Grand Prix,832.0,7.0,15.0,7.5,-0.5
135.0,4,1043,2020,Emilia Romagna Grand Prix,839.0,12.0,2.0,8.5,3.5
3.0,210,1043,2020,Emilia Romagna Grand Prix,825.0,17.0,3.0,16.5,0.5
3.0,210,1043,2020,Emilia Romagna Grand Prix,154.0,16.0,7.0,16.5,-0.5
226.0,9,1043,2020,Emilia Romagna Grand Prix,830.0,3.0,4.0,4.5,-1.5
226.0,9,1043,2020,Emilia Romagna Grand Prix,848.0,6.0,6.0,4.5,1.5
0.0,3,1043,2020,Emilia Romagna Grand Prix,847.0,13.0,5.0,16.0,-3.0
0.0,3,1043,2020,Emilia Romagna Grand Prix,849.0,19.0,10.0,16.0,3.0
8.0,51,1043,2020,Emilia Romagna Grand Prix,841.0,20.0,11.0,19.0,1.0
8.0,51,1043,2020,Emilia Romagna Grand Prix,8.0,18.0,12.0,19.0,-1.0
135.0,4,1043,2020,Emilia Romagna Grand Prix,817.0,5.0,18.0,8.5,-3.5
89.0,213,1043,2020,Emilia Romagna Grand Prix,842.0,4.0,1.0,6.0,-2.0
89.0,213,1043,2020,Emilia Romagna Grand Prix,826.0,8.0,17.0,6.0,2.0
479.0,131,1043,2020,Emilia Romagna Grand Prix,822.0,1.0,19.0,1.5,-0.5
103.0,6,1043,2020,Emilia Romagna Grand Prix,844.0,7.0,16.0,10.5,-3.5
103.0,6,1043,2020,Emilia Romagna Grand Prix,20.0,14.0,9.0,10.5,3.5
479.0,131,1043,2020,Emilia Romagna Grand Prix,1.0,2.0,20.0,1.5,0.5
134.0,1,1043,2020,Emilia Romagna Grand Prix,846.0,9.0,13.0,9.5,-0.5
134.0,211,1043,2020,Emilia Romagna Grand Prix,815.0,11.0,15.0,13.0,-2.0
134.0,211,1043,2020,Emilia Romagna Grand Prix,840.0,15.0,8.0,13.0,2.0
134.0,1,1043,2020,Emilia Romagna Grand Prix,832.0,10.0,14.0,9.5,0.5
136.0,4,1044,2020,Turkish Grand Prix,839.0,7.0,10.0,6.0,1.0
3.0,210,1044,2020,Turkish Grand Prix,825.0,13.0,4.0,15.0,-2.0
240.0,9,1044,2020,Turkish Grand Prix,848.0,4.0,14.0,3.0,1.0
240.0,9,1044,2020,Turkish Grand Prix,830.0,2.0,15.0,3.0,-1.0
0.0,3,1044,2020,Turkish Grand Prix,849.0,20.0,2.0,0.0,0.0
0.0,3,1044,2020,Turkish Grand Prix,847.0,20.0,5.0,0.0,0.0
8.0,51,1044,2020,Turkish Grand Prix,841.0,10.0,1.0,9.0,1.0
8.0,51,1044,2020,Turkish Grand Prix,8.0,8.0,6.0,9.0,-1.0
136.0,4,1044,2020,Turkish Grand Prix,817.0,5.0,11.0,6.0,-1.0
3.0,210,1044,2020,Turkish Grand Prix,154.0,17.0,3.0,15.0,2.0
89.0,213,1044,2020,Turkish Grand Prix,826.0,16.0,9.0,17.5,-1.5
504.0,131,1044,2020,Turkish Grand Prix,1.0,6.0,20.0,7.5,-1.5
504.0,131,1044,2020,Turkish Grand Prix,822.0,9.0,7.0,7.5,1.5
130.0,6,1044,2020,Turkish Grand Prix,20.0,11.0,18.0,11.5,-0.5
130.0,6,1044,2020,Turkish Grand Prix,844.0,12.0,17.0,11.5,0.5
89.0,213,1044,2020,Turkish Grand Prix,842.0,19.0,8.0,17.5,1.5
149.0,1,1044,2020,Turkish Grand Prix,846.0,14.0,13.0,14.5,-0.5
154.0,211,1044,2020,Turkish Grand Prix,815.0,3.0,19.0,2.0,1.0
154.0,211,1044,2020,Turkish Grand Prix,840.0,1.0,12.0,2.0,-1.0
149.0,1,1044,2020,Turkish Grand Prix,832.0,15.0,16.0,14.5,0.5
144.0,4,1045,2020,Bahrain Grand Prix,839.0,7.0,12.0,6.5,0.5
3.0,210,1045,2020,Bahrain Grand Prix,825.0,18.0,4.0,18.5,-0.5
274.0,9,1045,2020,Bahrain Grand Prix,848.0,4.0,18.0,3.5,0.5
274.0,9,1045,2020,Bahrain Grand Prix,830.0,3.0,19.0,3.5,-0.5
0.0,3,1045,2020,Bahrain Grand Prix,849.0,20.0,7.0,17.0,3.0
0.0,3,1045,2020,Bahrain Grand Prix,847.0,14.0,9.0,17.0,-3.0
8.0,51,1045,2020,Bahrain Grand Prix,841.0,16.0,5.0,16.5,-0.5
8.0,51,1045,2020,Bahrain Grand Prix,8.0,17.0,6.0,16.5,0.5
144.0,4,1045,2020,Bahrain Grand Prix,817.0,6.0,14.0,6.5,-0.5
3.0,210,1045,2020,Bahrain Grand Prix,154.0,19.0,1.0,18.5,0.5
97.0,213,1045,2020,Bahrain Grand Prix,842.0,8.0,15.0,9.0,-1.0
533.0,131,1045,2020,Bahrain Grand Prix,1.0,1.0,20.0,1.5,-0.5
533.0,131,1045,2020,Bahrain Grand Prix,822.0,2.0,13.0,1.5,0.5
131.0,6,1045,2020,Bahrain Grand Prix,844.0,12.0,11.0,11.5,0.5
131.0,6,1045,2020,Bahrain Grand Prix,20.0,11.0,8.0,11.5,-0.5
97.0,213,1045,2020,Bahrain Grand Prix,826.0,10.0,10.0,9.0,1.0
171.0,1,1045,2020,Bahrain Grand Prix,832.0,15.0,16.0,12.0,3.0
154.0,211,1045,2020,Bahrain Grand Prix,815.0,5.0,3.0,9.0,-4.0
154.0,211,1045,2020,Bahrain Grand Prix,840.0,13.0,2.0,9.0,4.0
171.0,1,1045,2020,Bahrain Grand Prix,846.0,9.0,17.0,12.0,-3.0
172.0,4,1046,2020,Sakhir Grand Prix,839.0,11.0,19.0,9.0,2.0
3.0,210,1046,2020,Sakhir Grand Prix,825.0,15.0,6.0,17.5,-2.5
282.0,9,1046,2020,Sakhir Grand Prix,830.0,3.0,2.0,7.5,-4.5
282.0,9,1046,2020,Sakhir Grand Prix,848.0,12.0,15.0,7.5,4.5
0.0,3,1046,2020,Sakhir Grand Prix,849.0,16.0,3.0,16.5,-0.5
0.0,3,1046,2020,Sakhir Grand Prix,851.0,17.0,5.0,16.5,0.5
8.0,51,1046,2020,Sakhir Grand Prix,8.0,18.0,7.0,16.0,2.0
8.0,51,1046,2020,Sakhir Grand Prix,841.0,14.0,8.0,16.0,-2.0
172.0,4,1046,2020,Sakhir Grand Prix,817.0,7.0,16.0,9.0,-2.0
3.0,210,1046,2020,Sakhir Grand Prix,850.0,20.0,4.0,17.5,2.5
103.0,213,1046,2020,Sakhir Grand Prix,842.0,9.0,10.0,7.5,1.5
194.0,211,1046,2020,Sakhir Grand Prix,840.0,10.0,18.0,7.5,2.5
194.0,211,1046,2020,Sakhir Grand Prix,815.0,5.0,20.0,7.5,-2.5
184.0,1,1046,2020,Sakhir Grand Prix,846.0,19.0,11.0,13.5,5.5
184.0,1,1046,2020,Sakhir Grand Prix,832.0,8.0,17.0,13.5,-5.5
131.0,6,1046,2020,Sakhir Grand Prix,844.0,4.0,1.0,8.5,-4.5
131.0,6,1046,2020,Sakhir Grand Prix,20.0,13.0,9.0,8.5,4.5
540.0,131,1046,2020,Sakhir Grand Prix,847.0,2.0,12.0,1.5,0.5
540.0,131,1046,2020,Sakhir Grand Prix,822.0,1.0,13.0,1.5,-0.5
103.0,213,1046,2020,Sakhir Grand Prix,826.0,6.0,14.0,7.5,-1.5
8.0,51,1047,2020,Abu Dhabi Grand Prix,8.0,15.0,9.0,14.5,0.5
8.0,51,1047,2020,Abu Dhabi Grand Prix,841.0,14.0,5.0,14.5,-0.5
0.0,3,1047,2020,Abu Dhabi Grand Prix,847.0,16.0,6.0,17.0,-1.0
181.0,4,1047,2020,Abu Dhabi Grand Prix,839.0,10.0,12.0,10.5,-0.5
319.0,9,1047,2020,Abu Dhabi Grand Prix,830.0,1.0,20.0,3.0,-2.0
319.0,9,1047,2020,Abu Dhabi Grand Prix,848.0,5.0,17.0,3.0,2.0
3.0,210,1047,2020,Abu Dhabi Grand Prix,825.0,20.0,3.0,18.5,1.5
0.0,3,1047,2020,Abu Dhabi Grand Prix,849.0,18.0,4.0,17.0,1.0
181.0,4,1047,2020,Abu Dhabi Grand Prix,817.0,11.0,14.0,10.5,0.5
3.0,210,1047,2020,Abu Dhabi Grand Prix,850.0,17.0,2.0,18.5,-1.5
107.0,213,1047,2020,Abu Dhabi Grand Prix,842.0,9.0,13.0,8.0,1.0
573.0,131,1047,2020,Abu Dhabi Grand Prix,822.0,2.0,19.0,2.5,-0.5
573.0,131,1047,2020,Abu Dhabi Grand Prix,1.0,3.0,18.0,2.5,0.5
131.0,6,1047,2020,Abu Dhabi Grand Prix,844.0,12.0,8.0,12.5,-0.5
131.0,6,1047,2020,Abu Dhabi Grand Prix,20.0,13.0,7.0,12.5,0.5
107.0,213,1047,2020,Abu Dhabi Grand Prix,826.0,7.0,10.0,8.0,-1.0
202.0,1,1047,2020,Abu Dhabi Grand Prix,832.0,6.0,15.0,5.0,1.0
195.0,211,1047,2020,Abu Dhabi Grand Prix,840.0,8.0,11.0,13.5,-5.5
195.0,211,1047,2020,Abu Dhabi Grand Prix,815.0,19.0,1.0,13.5,5.5
202.0,1,1047,2020,Abu Dhabi Grand Prix,846.0,4.0,16.0,5.0,-1.0
546.5,131,1051,2021,Qatar Grand Prix,1.0,1.0,20.0,3.5,-2.5
541.5,9,1051,2021,Qatar Grand Prix,815.0,11.0,17.0,9.0,2.0
541.5,9,1051,2021,Qatar Grand Prix,830.0,7.0,19.0,9.0,-2.0
258.0,1,1051,2021,Qatar Grand Prix,817.0,14.0,9.0,9.0,5.0
258.0,1,1051,2021,Qatar Grand Prix,846.0,4.0,12.0,9.0,-5.0
297.5,6,1051,2021,Qatar Grand Prix,844.0,13.0,13.0,9.0,4.0
297.5,6,1051,2021,Qatar Grand Prix,832.0,5.0,14.0,9.0,-4.0
112.0,213,1051,2021,Qatar Grand Prix,852.0,8.0,8.0,5.0,3.0
112.0,213,1051,2021,Qatar Grand Prix,842.0,2.0,10.0,5.0,-3.0
546.5,131,1051,2021,Qatar Grand Prix,822.0,6.0,1.0,3.5,2.5
77.0,117,1051,2021,Qatar Grand Prix,840.0,12.0,15.0,11.0,1.0
0.0,210,1051,2021,Qatar Grand Prix,854.0,19.0,5.0,19.5,-0.5
0.0,210,1051,2021,Qatar Grand Prix,853.0,20.0,3.0,19.5,0.5
23.0,3,1051,2021,Qatar Grand Prix,847.0,15.0,4.0,16.0,-1.0
23.0,3,1051,2021,Qatar Grand Prix,849.0,17.0,2.0,16.0,1.0
77.0,117,1051,2021,Qatar Grand Prix,20.0,10.0,11.0,11.0,-1.0
137.0,214,1051,2021,Qatar Grand Prix,839.0,9.0,16.0,6.0,3.0
11.0,51,1051,2021,Qatar Grand Prix,8.0,16.0,7.0,17.0,-1.0
11.0,51,1051,2021,Qatar Grand Prix,841.0,18.0,6.0,17.0,1.0
137.0,214,1051,2021,Qatar Grand Prix,4.0,3.0,18.0,6.0,-3.0
1.0,117,1052,2021,Bahrain Grand Prix,840.0,10.0,11.0,15.0,-5.0
0.0,210,1052,2021,Bahrain Grand Prix,854.0,18.0,5.0,18.5,-0.5
0.0,3,1052,2021,Bahrain Grand Prix,849.0,17.0,3.0,16.0,1.0
0.0,3,1052,2021,Bahrain Grand Prix,847.0,15.0,7.0,16.0,-1.0
0.0,214,1052,2021,Bahrain Grand Prix,4.0,9.0,2.0,12.5,-3.5
0.0,214,1052,2021,Bahrain Grand Prix,839.0,16.0,8.0,12.5,3.5
0.0,51,1052,2021,Bahrain Grand Prix,841.0,12.0,9.0,13.0,-1.0
0.0,51,1052,2021,Bahrain Grand Prix,8.0,14.0,10.0,13.0,1.0
1.0,117,1052,2021,Bahrain Grand Prix,20.0,20.0,6.0,15.0,5.0
0.0,210,1052,2021,Bahrain Grand Prix,853.0,19.0,1.0,18.5,0.5
2.0,213,1052,2021,Bahrain Grand Prix,842.0,5.0,4.0,9.0,-4.0
12.0,6,1052,2021,Bahrain Grand Prix,832.0,8.0,13.0,6.0,2.0
2.0,213,1052,2021,Bahrain Grand Prix,852.0,13.0,12.0,9.0,4.0
41.0,131,1052,2021,Bahrain Grand Prix,1.0,2.0,20.0,2.5,-0.5
41.0,131,1052,2021,Bahrain Grand Prix,822.0,3.0,18.0,2.5,0.5
28.0,9,1052,2021,Bahrain Grand Prix,830.0,1.0,19.0,0.5,0.5
18.0,1,1052,2021,Bahrain Grand Prix,846.0,7.0,17.0,6.5,0.5
18.0,1,1052,2021,Bahrain Grand Prix,817.0,6.0,14.0,6.5,-0.5
12.0,6,1052,2021,Bahrain Grand Prix,844.0,4.0,15.0,6.0,-2.0
28.0,9,1052,2021,Bahrain Grand Prix,815.0,20.0,16.0,0.5,-0.5
60.0,131,1053,2021,Emilia Romagna Grand Prix,822.0,8.0,3.0,4.5,3.5
3.0,214,1053,2021,Emilia Romagna Grand Prix,839.0,9.0,12.0,12.0,-3.0
34.0,6,1053,2021,Emilia Romagna Grand Prix,832.0,11.0,16.0,7.5,3.5
34.0,6,1053,2021,Emilia Romagna Grand Prix,844.0,4.0,17.0,7.5,-3.5
8.0,213,1053,2021,Emilia Romagna Grand Prix,852.0,20.0,9.0,12.5,7.5
8.0,213,1053,2021,Emilia Romagna Grand Prix,842.0,5.0,14.0,12.5,-7.5
5.0,117,1053,2021,Emilia Romagna Grand Prix,20.0,20.0,6.0,5.0,-5.0
5.0,117,1053,2021,Emilia Romagna Grand Prix,840.0,10.0,13.0,5.0,5.0
3.0,214,1053,2021,Emilia Romagna Grand Prix,4.0,15.0,11.0,12.0,3.0
60.0,131,1053,2021,Emilia Romagna Grand Prix,1.0,1.0,19.0,4.5,-3.5
41.0,1,1053,2021,Emilia Romagna Grand Prix,817.0,6.0,15.0,6.5,-0.5
53.0,9,1053,2021,Emilia Romagna Grand Prix,815.0,2.0,10.0,2.5,-0.5
0.0,3,1053,2021,Emilia Romagna Grand Prix,847.0,12.0,2.0,13.0,-1.0
0.0,3,1053,2021,Emilia Romagna Grand Prix,849.0,14.0,1.0,13.0,1.0
0.0,51,1053,2021,Emilia Romagna Grand Prix,8.0,16.0,8.0,16.5,-0.5
41.0,1,1053,2021,Emilia Romagna Grand Prix,846.0,7.0,18.0,6.5,0.5
0.0,210,1053,2021,Emilia Romagna Grand Prix,854.0,18.0,5.0,18.5,-0.5
0.0,210,1053,2021,Emilia Romagna Grand Prix,853.0,19.0,4.0,18.5,0.5
53.0,9,1053,2021,Emilia Romagna Grand Prix,830.0,3.0,20.0,2.5,0.5
0.0,51,1053,2021,Emilia Romagna Grand Prix,841.0,17.0,7.0,16.5,0.5
0.0,51,1054,2021,Portuguese Grand Prix,841.0,12.0,9.0,13.5,-1.5
0.0,210,1054,2021,Portuguese Grand Prix,853.0,20.0,2.0,19.5,0.5
0.0,210,1054,2021,Portuguese Grand Prix,854.0,19.0,4.0,19.5,-0.5
0.0,3,1054,2021,Portuguese Grand Prix,849.0,18.0,3.0,14.5,3.5
0.0,3,1054,2021,Portuguese Grand Prix,847.0,11.0,5.0,14.5,-3.5
13.0,214,1054,2021,Portuguese Grand Prix,4.0,13.0,13.0,9.5,3.5
13.0,214,1054,2021,Portuguese Grand Prix,839.0,6.0,14.0,9.5,-3.5
0.0,51,1054,2021,Portuguese Grand Prix,8.0,15.0,1.0,13.5,1.5
5.0,117,1054,2021,Portuguese Grand Prix,840.0,17.0,7.0,13.5,3.5
5.0,117,1054,2021,Portuguese Grand Prix,20.0,10.0,8.0,13.5,-3.5
101.0,131,1054,2021,Portuguese Grand Prix,1.0,2.0,20.0,1.5,0.5
9.0,213,1054,2021,Portuguese Grand Prix,842.0,9.0,11.0,11.5,-2.5
42.0,6,1054,2021,Portuguese Grand Prix,832.0,5.0,10.0,6.5,-1.5
42.0,6,1054,2021,Portuguese Grand Prix,844.0,8.0,15.0,6.5,1.5
53.0,1,1054,2021,Portuguese Grand Prix,817.0,16.0,12.0,11.5,4.5
53.0,1,1054,2021,Portuguese Grand Prix,846.0,7.0,16.0,11.5,-4.5
83.0,9,1054,2021,Portuguese Grand Prix,815.0,4.0,17.0,3.5,0.5
83.0,9,1054,2021,Portuguese Grand Prix,830.0,3.0,19.0,3.5,-0.5
101.0,131,1054,2021,Portuguese Grand Prix,822.0,1.0,18.0,1.5,-0.5
9.0,213,1054,2021,Portuguese Grand Prix,852.0,14.0,6.0,11.5,2.5
0.0,51,1055,2021,Spanish Grand Prix,8.0,17.0,9.0,15.5,1.5
0.0,51,1055,2021,Spanish Grand Prix,841.0,14.0,6.0,15.5,-1.5
15.0,214,1055,2021,Spanish Grand Prix,839.0,5.0,12.0,7.5,-2.5
15.0,214,1055,2021,Spanish Grand Prix,4.0,10.0,4.0,7.5,2.5
5.0,117,1055,2021,Spanish Grand Prix,20.0,13.0,8.0,12.0,1.0
0.0,3,1055,2021,Spanish Grand Prix,849.0,19.0,5.0,17.0,2.0
0.0,210,1055,2021,Spanish Grand Prix,854.0,18.0,3.0,19.0,-1.0
0.0,210,1055,2021,Spanish Grand Prix,853.0,20.0,2.0,19.0,1.0
0.0,3,1055,2021,Spanish Grand Prix,847.0,15.0,7.0,17.0,-2.0
5.0,117,1055,2021,Spanish Grand Prix,840.0,11.0,10.0,12.0,-1.0
141.0,131,1055,2021,Spanish Grand Prix,1.0,1.0,20.0,2.0,-1.0
10.0,213,1055,2021,Spanish Grand Prix,842.0,12.0,11.0,14.0,-2.0
60.0,6,1055,2021,Spanish Grand Prix,832.0,6.0,14.0,5.0,1.0
60.0,6,1055,2021,Spanish Grand Prix,844.0,4.0,17.0,5.0,-1.0
65.0,1,1055,2021,Spanish Grand Prix,846.0,9.0,13.0,8.0,1.0
65.0,1,1055,2021,Spanish Grand Prix,817.0,7.0,15.0,8.0,-1.0
112.0,9,1055,2021,Spanish Grand Prix,815.0,8.0,16.0,5.0,3.0
112.0,9,1055,2021,Spanish Grand Prix,830.0,2.0,19.0,5.0,-3.0
141.0,131,1055,2021,Spanish Grand Prix,822.0,3.0,18.0,2.0,1.0
10.0,213,1055,2021,Spanish Grand Prix,852.0,16.0,1.0,14.0,2.0
1.0,51,1056,2021,Monaco Grand Prix,841.0,10.0,11.0,12.0,-2.0
1.0,51,1056,2021,Monaco Grand Prix,8.0,14.0,10.0,12.0,2.0
17.0,214,1056,2021,Monaco Grand Prix,839.0,11.0,12.0,14.0,-3.0
17.0,214,1056,2021,Monaco Grand Prix,4.0,17.0,8.0,14.0,3.0
0.0,210,1056,2021,Monaco Grand Prix,854.0,20.0,3.0,19.5,0.5
0.0,3,1056,2021,Monaco Grand Prix,849.0,18.0,6.0,16.5,1.5
0.0,210,1056,2021,Monaco Grand Prix,853.0,19.0,4.0,19.5,-0.5
19.0,117,1056,2021,Monaco Grand Prix,840.0,13.0,13.0,10.5,2.5
0.0,3,1056,2021,Monaco Grand Prix,847.0,15.0,7.0,16.5,-1.5
19.0,117,1056,2021,Monaco Grand Prix,20.0,8.0,16.0,10.5,-2.5
18.0,213,1056,2021,Monaco Grand Prix,852.0,16.0,5.0,11.0,5.0
18.0,213,1056,2021,Monaco Grand Prix,842.0,6.0,15.0,11.0,-5.0
148.0,131,1056,2021,Monaco Grand Prix,822.0,3.0,2.0,5.0,-2.0
149.0,9,1056,2021,Monaco Grand Prix,830.0,2.0,20.0,5.5,-3.5
149.0,9,1056,2021,Monaco Grand Prix,815.0,9.0,17.0,5.5,3.5
148.0,131,1056,2021,Monaco Grand Prix,1.0,7.0,14.0,5.0,2.0
80.0,1,1056,2021,Monaco Grand Prix,817.0,12.0,9.0,8.5,3.5
78.0,6,1056,2021,Monaco Grand Prix,832.0,4.0,19.0,2.5,1.5
78.0,6,1056,2021,Monaco Grand Prix,844.0,1.0,1.0,2.5,-1.5
80.0,1,1056,2021,Monaco Grand Prix,846.0,5.0,18.0,8.5,-3.5
37.0,117,1057,2021,Azerbaijan Grand Prix,840.0,19.0,2.0,15.0,4.0
0.0,210,1057,2021,Azerbaijan Grand Prix,853.0,18.0,7.0,17.5,0.5
0.0,210,1057,2021,Azerbaijan Grand Prix,854.0,17.0,8.0,17.5,-0.5
0.0,3,1057,2021,Azerbaijan Grand Prix,847.0,15.0,4.0,15.5,-0.5
0.0,3,1057,2021,Azerbaijan Grand Prix,849.0,16.0,5.0,15.5,0.5
25.0,214,1057,2021,Azerbaijan Grand Prix,839.0,12.0,1.0,10.0,2.0
2.0,51,1057,2021,Azerbaijan Grand Prix,841.0,20.0,10.0,17.0,3.0
2.0,51,1057,2021,Azerbaijan Grand Prix,8.0,14.0,11.0,17.0,-3.0
37.0,117,1057,2021,Azerbaijan Grand Prix,20.0,11.0,19.0,15.0,-4.0
25.0,214,1057,2021,Azerbaijan Grand Prix,4.0,8.0,15.0,10.0,-2.0
39.0,213,1057,2021,Azerbaijan Grand Prix,842.0,4.0,18.0,5.5,-1.5
39.0,213,1057,2021,Azerbaijan Grand Prix,852.0,7.0,14.0,5.5,1.5
148.0,131,1057,2021,Azerbaijan Grand Prix,822.0,10.0,9.0,6.0,4.0
174.0,9,1057,2021,Azerbaijan Grand Prix,815.0,6.0,20.0,4.5,1.5
174.0,9,1057,2021,Azerbaijan Grand Prix,830.0,3.0,3.0,4.5,-1.5
148.0,131,1057,2021,Azerbaijan Grand Prix,1.0,2.0,6.0,6.0,-4.0
92.0,1,1057,2021,Azerbaijan Grand Prix,817.0,13.0,12.0,11.0,2.0
94.0,6,1057,2021,Azerbaijan Grand Prix,844.0,1.0,17.0,3.0,-2.0
94.0,6,1057,2021,Azerbaijan Grand Prix,832.0,5.0,13.0,3.0,2.0
92.0,1,1057,2021,Azerbaijan Grand Prix,846.0,9.0,16.0,11.0,-2.0
252.0,9,1058,2021,Styrian Grand Prix,830.0,1.0,20.0,2.5,-1.5
46.0,213,1058,2021,Styrian Grand Prix,852.0,11.0,11.0,8.5,2.5
252.0,9,1058,2021,Styrian Grand Prix,815.0,4.0,17.0,2.5,1.5
120.0,1,1058,2021,Styrian Grand Prix,846.0,3.0,16.0,8.0,-5.0
120.0,1,1058,2021,Styrian Grand Prix,817.0,13.0,8.0,8.0,5.0
108.0,6,1058,2021,Styrian Grand Prix,832.0,12.0,15.0,9.5,2.5
108.0,6,1058,2021,Styrian Grand Prix,844.0,7.0,14.0,9.5,-2.5
46.0,213,1058,2021,Styrian Grand Prix,842.0,6.0,1.0,8.5,-2.5
31.0,214,1058,2021,Styrian Grand Prix,839.0,17.0,7.0,12.5,4.5
2.0,51,1058,2021,Styrian Grand Prix,8.0,18.0,10.0,16.5,1.5
2.0,51,1058,2021,Styrian Grand Prix,841.0,15.0,6.0,16.5,-1.5
31.0,214,1058,2021,Styrian Grand Prix,4.0,8.0,12.0,12.5,-4.5
0.0,3,1058,2021,Styrian Grand Prix,849.0,16.0,4.0,13.0,3.0
0.0,3,1058,2021,Styrian Grand Prix,847.0,10.0,2.0,13.0,-3.0
0.0,210,1058,2021,Styrian Grand Prix,854.0,19.0,5.0,19.5,-0.5
0.0,210,1058,2021,Styrian Grand Prix,853.0,20.0,3.0,19.5,0.5
212.0,131,1058,2021,Styrian Grand Prix,822.0,5.0,18.0,3.5,1.5
44.0,117,1058,2021,Styrian Grand Prix,20.0,14.0,9.0,11.5,2.5
212.0,131,1058,2021,Styrian Grand Prix,1.0,2.0,19.0,3.5,-1.5
44.0,117,1058,2021,Styrian Grand Prix,840.0,9.0,13.0,11.5,-2.5
0.0,210,1059,2021,French Grand Prix,854.0,15.0,2.0,16.5,-1.5
0.0,210,1059,2021,French Grand Prix,853.0,18.0,1.0,16.5,1.5
178.0,131,1059,2021,French Grand Prix,1.0,2.0,19.0,2.5,-0.5
178.0,131,1059,2021,French Grand Prix,822.0,3.0,17.0,2.5,0.5
215.0,9,1059,2021,French Grand Prix,830.0,1.0,20.0,2.5,-1.5
215.0,9,1059,2021,French Grand Prix,815.0,4.0,18.0,2.5,1.5
110.0,1,1059,2021,French Grand Prix,846.0,8.0,16.0,9.0,-1.0
94.0,6,1059,2021,French Grand Prix,832.0,5.0,10.0,6.0,-1.0
94.0,6,1059,2021,French Grand Prix,844.0,7.0,5.0,6.0,1.0
45.0,213,1059,2021,French Grand Prix,842.0,6.0,14.0,3.0,3.0
110.0,1,1059,2021,French Grand Prix,817.0,10.0,15.0,9.0,1.0
45.0,213,1059,2021,French Grand Prix,852.0,20.0,8.0,3.0,-3.0
0.0,3,1059,2021,French Grand Prix,849.0,16.0,3.0,15.0,1.0
29.0,214,1059,2021,French Grand Prix,839.0,11.0,7.0,10.0,1.0
29.0,214,1059,2021,French Grand Prix,4.0,9.0,13.0,10.0,-1.0
2.0,51,1059,2021,French Grand Prix,8.0,17.0,4.0,15.0,2.0
0.0,3,1059,2021,French Grand Prix,847.0,14.0,9.0,15.0,-1.0
40.0,117,1059,2021,French Grand Prix,840.0,19.0,11.0,15.5,3.5
40.0,117,1059,2021,French Grand Prix,20.0,12.0,12.0,15.5,-3.5
2.0,51,1059,2021,French Grand Prix,841.0,13.0,6.0,15.0,-2.0
2.0,51,1060,2021,Austrian Grand Prix,8.0,16.0,6.0,15.5,0.5
242.0,131,1060,2021,Austrian Grand Prix,1.0,4.0,17.0,4.5,-0.5
242.0,131,1060,2021,Austrian Grand Prix,822.0,5.0,19.0,4.5,0.5
286.0,9,1060,2021,Austrian Grand Prix,815.0,3.0,15.0,2.0,1.0
286.0,9,1060,2021,Austrian Grand Prix,830.0,1.0,20.0,2.0,-1.0
141.0,1,1060,2021,Austrian Grand Prix,817.0,13.0,14.0,7.5,5.5
44.0,117,1060,2021,Austrian Grand Prix,20.0,11.0,4.0,10.0,1.0
44.0,117,1060,2021,Austrian Grand Prix,840.0,9.0,8.0,10.0,-1.0
2.0,51,1060,2021,Austrian Grand Prix,841.0,15.0,7.0,15.5,-0.5
141.0,1,1060,2021,Austrian Grand Prix,846.0,2.0,18.0,7.5,-5.5
32.0,214,1060,2021,Austrian Grand Prix,4.0,14.0,11.0,15.5,-1.5
0.0,210,1060,2021,Austrian Grand Prix,854.0,19.0,3.0,19.5,-0.5
0.0,210,1060,2021,Austrian Grand Prix,853.0,20.0,2.0,19.5,0.5
48.0,213,1060,2021,Austrian Grand Prix,842.0,6.0,12.0,6.5,-0.5
48.0,213,1060,2021,Austrian Grand Prix,852.0,7.0,9.0,6.5,0.5
32.0,214,1060,2021,Austrian Grand Prix,839.0,17.0,1.0,15.5,1.5
122.0,6,1060,2021,Austrian Grand Prix,844.0,12.0,13.0,11.0,1.0
0.0,3,1060,2021,Austrian Grand Prix,847.0,8.0,10.0,13.0,-5.0
0.0,3,1060,2021,Austrian Grand Prix,849.0,18.0,5.0,13.0,5.0
122.0,6,1060,2021,Austrian Grand Prix,832.0,10.0,16.0,11.0,-1.0
48.0,117,1061,2021,British Grand Prix,840.0,14.0,13.0,11.0,3.0
0.0,210,1061,2021,British Grand Prix,853.0,19.0,4.0,18.5,0.5
0.0,3,1061,2021,British Grand Prix,849.0,17.0,7.0,14.5,2.5
0.0,3,1061,2021,British Grand Prix,847.0,12.0,9.0,14.5,-2.5
40.0,214,1061,2021,British Grand Prix,839.0,9.0,12.0,8.0,1.0
40.0,214,1061,2021,British Grand Prix,4.0,7.0,14.0,8.0,-1.0
2.0,51,1061,2021,British Grand Prix,8.0,13.0,6.0,14.0,-1.0
2.0,51,1061,2021,British Grand Prix,841.0,15.0,8.0,14.0,1.0
48.0,117,1061,2021,British Grand Prix,20.0,8.0,2.0,11.0,-3.0
0.0,210,1061,2021,British Grand Prix,854.0,18.0,3.0,18.5,-0.5
49.0,213,1061,2021,British Grand Prix,842.0,11.0,10.0,13.5,-2.5
148.0,6,1061,2021,British Grand Prix,832.0,10.0,15.0,7.0,3.0
148.0,6,1061,2021,British Grand Prix,844.0,4.0,19.0,7.0,-3.0
163.0,1,1061,2021,British Grand Prix,817.0,6.0,16.0,5.5,0.5
163.0,1,1061,2021,British Grand Prix,846.0,5.0,17.0,5.5,-0.5
289.0,9,1061,2021,British Grand Prix,830.0,1.0,1.0,0.5,0.5
289.0,9,1061,2021,British Grand Prix,815.0,20.0,5.0,0.5,-0.5
285.0,131,1061,2021,British Grand Prix,822.0,3.0,18.0,2.5,0.5
285.0,131,1061,2021,British Grand Prix,1.0,2.0,20.0,2.5,-0.5
49.0,213,1061,2021,British Grand Prix,852.0,16.0,11.0,13.5,2.5
10.0,3,1062,2021,Hungarian Grand Prix,849.0,18.0,14.0,17.5,0.5
10.0,3,1062,2021,Hungarian Grand Prix,847.0,17.0,13.0,17.5,-0.5
163.0,6,1062,2021,Hungarian Grand Prix,832.0,15.0,18.0,11.0,4.0
163.0,6,1062,2021,Hungarian Grand Prix,844.0,7.0,3.0,11.0,-4.0
303.0,131,1062,2021,Hungarian Grand Prix,822.0,2.0,5.0,1.5,0.5
291.0,9,1062,2021,Hungarian Grand Prix,815.0,4.0,4.0,3.5,0.5
303.0,131,1062,2021,Hungarian Grand Prix,1.0,1.0,19.0,1.5,-0.5
0.0,210,1062,2021,Hungarian Grand Prix,853.0,19.0,7.0,19.5,-0.5
291.0,9,1062,2021,Hungarian Grand Prix,830.0,3.0,12.0,3.5,-0.5
0.0,210,1062,2021,Hungarian Grand Prix,854.0,20.0,9.0,19.5,0.5
77.0,214,1062,2021,Hungarian Grand Prix,839.0,8.0,20.0,8.5,-0.5
163.0,1,1062,2021,Hungarian Grand Prix,817.0,11.0,10.0,8.5,2.5
77.0,214,1062,2021,Hungarian Grand Prix,4.0,9.0,17.0,8.5,0.5
3.0,51,1062,2021,Hungarian Grand Prix,8.0,13.0,11.0,6.5,6.5
3.0,51,1062,2021,Hungarian Grand Prix,841.0,20.0,8.0,6.5,-6.5
163.0,1,1062,2021,Hungarian Grand Prix,846.0,6.0,6.0,8.5,-2.5
48.0,117,1062,2021,Hungarian Grand Prix,20.0,10.0,1.0,11.0,-1.0
68.0,213,1062,2021,Hungarian Grand Prix,842.0,5.0,16.0,10.5,-5.5
68.0,213,1062,2021,Hungarian Grand Prix,852.0,16.0,15.0,10.5,5.5
48.0,117,1062,2021,Hungarian Grand Prix,840.0,12.0,2.0,11.0,1.0
3.0,51,1063,2021,Belgian Grand Prix,841.0,14.0,8.0,7.0,7.0
0.0,210,1063,2021,Belgian Grand Prix,853.0,18.0,4.0,17.5,0.5
0.0,210,1063,2021,Belgian Grand Prix,854.0,17.0,5.0,17.5,-0.5
20.0,3,1063,2021,Belgian Grand Prix,849.0,10.0,12.0,6.0,4.0
20.0,3,1063,2021,Belgian Grand Prix,847.0,2.0,19.0,6.0,-4.0
80.0,214,1063,2021,Belgian Grand Prix,4.0,12.0,10.0,10.0,2.0
80.0,214,1063,2021,Belgian Grand Prix,839.0,8.0,14.0,10.0,-2.0
3.0,51,1063,2021,Belgian Grand Prix,8.0,20.0,3.0,7.0,-7.0
53.0,117,1063,2021,Belgian Grand Prix,840.0,19.0,1.0,12.0,7.0
53.0,117,1063,2021,Belgian Grand Prix,20.0,5.0,16.0,12.0,-7.0
310.5,131,1063,2021,Belgian Grand Prix,1.0,3.0,18.0,8.0,-5.0
72.0,213,1063,2021,Belgian Grand Prix,842.0,6.0,15.0,11.0,-5.0
165.5,6,1063,2021,Belgian Grand Prix,832.0,11.0,11.0,10.0,1.0
165.5,6,1063,2021,Belgian Grand Prix,844.0,9.0,13.0,10.0,-1.0
169.0,1,1063,2021,Belgian Grand Prix,846.0,15.0,7.0,9.5,5.5
169.0,1,1063,2021,Belgian Grand Prix,817.0,4.0,17.0,9.5,-5.5
303.5,9,1063,2021,Belgian Grand Prix,815.0,20.0,2.0,0.5,-0.5
303.5,9,1063,2021,Belgian Grand Prix,830.0,1.0,20.0,0.5,0.5
310.5,131,1063,2021,Belgian Grand Prix,822.0,13.0,9.0,8.0,5.0
72.0,213,1063,2021,Belgian Grand Prix,852.0,16.0,6.0,11.0,5.0
3.0,51,1064,2021,Dutch Grand Prix,841.0,7.0,7.0,11.5,-4.5
3.0,51,1064,2021,Dutch Grand Prix,9.0,16.0,6.0,11.5,4.5
90.0,214,1064,2021,Dutch Grand Prix,4.0,9.0,15.0,8.5,0.5
90.0,214,1064,2021,Dutch Grand Prix,839.0,8.0,12.0,8.5,-0.5
53.0,117,1064,2021,Dutch Grand Prix,20.0,15.0,8.0,13.5,1.5
20.0,3,1064,2021,Dutch Grand Prix,847.0,11.0,4.0,5.5,5.5
0.0,210,1064,2021,Dutch Grand Prix,854.0,17.0,3.0,17.5,-0.5
0.0,210,1064,2021,Dutch Grand Prix,853.0,18.0,1.0,17.5,0.5
20.0,3,1064,2021,Dutch Grand Prix,849.0,20.0,5.0,5.5,-5.5
53.0,117,1064,2021,Dutch Grand Prix,840.0,12.0,9.0,13.5,-1.5
344.5,131,1064,2021,Dutch Grand Prix,1.0,2.0,19.0,2.5,-0.5
84.0,213,1064,2021,Dutch Grand Prix,842.0,4.0,17.0,9.0,-5.0
181.5,6,1064,2021,Dutch Grand Prix,832.0,6.0,14.0,5.5,0.5
181.5,6,1064,2021,Dutch Grand Prix,844.0,5.0,16.0,5.5,-0.5
170.0,1,1064,2021,Dutch Grand Prix,817.0,10.0,10.0,11.5,-1.5
170.0,1,1064,2021,Dutch Grand Prix,846.0,13.0,11.0,11.5,1.5
332.5,9,1064,2021,Dutch Grand Prix,815.0,20.0,13.0,0.5,-0.5
332.5,9,1064,2021,Dutch Grand Prix,830.0,1.0,20.0,0.5,0.5
344.5,131,1064,2021,Dutch Grand Prix,822.0,3.0,18.0,2.5,0.5
84.0,213,1064,2021,Dutch Grand Prix,852.0,14.0,2.0,9.0,5.0
3.0,51,1065,2021,Italian Grand Prix,841.0,7.0,8.0,12.0,-5.0
3.0,51,1065,2021,Italian Grand Prix,9.0,17.0,7.0,12.0,5.0
95.0,214,1065,2021,Italian Grand Prix,4.0,10.0,13.0,11.0,-1.0
95.0,214,1065,2021,Italian Grand Prix,839.0,12.0,11.0,11.0,1.0
0.0,210,1065,2021,Italian Grand Prix,853.0,16.0,5.0,17.0,-1.0
22.0,3,1065,2021,Italian Grand Prix,849.0,13.0,10.0,13.5,-0.5
0.0,210,1065,2021,Italian Grand Prix,854.0,18.0,6.0,17.0,1.0
59.0,117,1065,2021,Italian Grand Prix,20.0,11.0,9.0,10.0,1.0
22.0,3,1065,2021,Italian Grand Prix,847.0,14.0,12.0,13.5,0.5
59.0,117,1065,2021,Italian Grand Prix,840.0,9.0,14.0,10.0,-1.0
362.5,131,1065,2021,Italian Grand Prix,822.0,19.0,18.0,11.5,7.5
84.0,213,1065,2021,Italian Grand Prix,842.0,20.0,2.0,0.0,0.0
362.5,131,1065,2021,Italian Grand Prix,1.0,4.0,4.0,11.5,-7.5
344.5,9,1065,2021,Italian Grand Prix,815.0,8.0,16.0,4.5,3.5
344.5,9,1065,2021,Italian Grand Prix,830.0,1.0,3.0,4.5,-3.5
84.0,213,1065,2021,Italian Grand Prix,852.0,20.0,1.0,0.0,0.0
215.0,1,1065,2021,Italian Grand Prix,846.0,3.0,19.0,2.5,0.5
201.5,6,1065,2021,Italian Grand Prix,844.0,5.0,17.0,5.5,-0.5
201.5,6,1065,2021,Italian Grand Prix,832.0,6.0,15.0,5.5,0.5
215.0,1,1065,2021,Italian Grand Prix,817.0,2.0,20.0,2.5,-0.5
59.0,117,1066,2021,Russian Grand Prix,20.0,10.0,9.0,8.5,1.5
0.0,210,1066,2021,Russian Grand Prix,853.0,15.0,3.0,14.5,0.5
23.0,3,1066,2021,Russian Grand Prix,849.0,18.0,2.0,10.5,7.5
23.0,3,1066,2021,Russian Grand Prix,847.0,3.0,11.0,10.5,-7.5
103.0,214,1066,2021,Russian Grand Prix,839.0,9.0,7.0,7.5,1.5
103.0,214,1066,2021,Russian Grand Prix,4.0,6.0,15.0,7.5,-1.5
7.0,51,1066,2021,Russian Grand Prix,841.0,17.0,5.0,15.0,2.0
7.0,51,1066,2021,Russian Grand Prix,8.0,13.0,13.0,15.0,-2.0
0.0,210,1066,2021,Russian Grand Prix,854.0,14.0,1.0,14.5,-0.5
59.0,117,1066,2021,Russian Grand Prix,840.0,7.0,10.0,8.5,-1.5
84.0,213,1066,2021,Russian Grand Prix,842.0,11.0,8.0,11.5,-0.5
216.5,6,1066,2021,Russian Grand Prix,844.0,19.0,6.0,10.5,8.5
216.5,6,1066,2021,Russian Grand Prix,832.0,2.0,18.0,10.5,-8.5
234.0,1,1066,2021,Russian Grand Prix,846.0,1.0,14.0,3.0,-2.0
234.0,1,1066,2021,Russian Grand Prix,817.0,5.0,17.0,3.0,2.0
364.5,9,1066,2021,Russian Grand Prix,815.0,8.0,12.0,14.0,-6.0
364.5,9,1066,2021,Russian Grand Prix,830.0,20.0,19.0,14.0,6.0
397.5,131,1066,2021,Russian Grand Prix,822.0,16.0,16.0,10.0,6.0
397.5,131,1066,2021,Russian Grand Prix,1.0,4.0,20.0,10.0,-6.0
84.0,213,1066,2021,Russian Grand Prix,852.0,12.0,4.0,11.5,0.5
7.0,51,1067,2021,Turkish Grand Prix,841.0,16.0,10.0,16.5,-0.5
7.0,51,1067,2021,Turkish Grand Prix,8.0,17.0,9.0,16.5,0.5
104.0,214,1067,2021,Turkish Grand Prix,839.0,12.0,11.0,8.5,3.5
104.0,214,1067,2021,Turkish Grand Prix,4.0,5.0,5.0,8.5,-3.5
61.0,117,1067,2021,Turkish Grand Prix,20.0,10.0,3.0,9.0,1.0
23.0,3,1067,2021,Turkish Grand Prix,849.0,15.0,4.0,14.0,1.0
0.0,210,1067,2021,Turkish Grand Prix,854.0,14.0,2.0,16.0,-2.0
0.0,210,1067,2021,Turkish Grand Prix,853.0,18.0,1.0,16.0,2.0
23.0,3,1067,2021,Turkish Grand Prix,847.0,13.0,6.0,14.0,-1.0
61.0,117,1067,2021,Turkish Grand Prix,840.0,8.0,12.0,9.0,-1.0
433.5,131,1067,2021,Turkish Grand Prix,822.0,1.0,20.0,6.0,-5.0
92.0,213,1067,2021,Turkish Grand Prix,842.0,4.0,15.0,6.5,-2.5
433.5,131,1067,2021,Turkish Grand Prix,1.0,11.0,16.0,6.0,5.0
397.5,9,1067,2021,Turkish Grand Prix,830.0,2.0,19.0,4.0,-2.0
397.5,9,1067,2021,Turkish Grand Prix,815.0,6.0,18.0,4.0,2.0
92.0,213,1067,2021,Turkish Grand Prix,852.0,9.0,7.0,6.5,2.5
240.0,1,1067,2021,Turkish Grand Prix,817.0,20.0,8.0,13.5,6.5
232.5,6,1067,2021,Turkish Grand Prix,844.0,3.0,17.0,11.0,-8.0
232.5,6,1067,2021,Turkish Grand Prix,832.0,19.0,13.0,11.0,8.0
240.0,1,1067,2021,Turkish Grand Prix,846.0,7.0,14.0,13.5,-6.5
0.0,210,1069,2021,United States Grand Prix,853.0,17.0,4.0,16.5,0.5
0.0,210,1069,2021,United States Grand Prix,854.0,16.0,5.0,16.5,-0.5
23.0,3,1069,2021,United States Grand Prix,849.0,14.0,6.0,17.0,-3.0
23.0,3,1069,2021,United States Grand Prix,847.0,20.0,7.0,17.0,3.0
104.0,214,1069,2021,United States Grand Prix,839.0,11.0,2.0,15.0,-4.0
104.0,214,1069,2021,United States Grand Prix,4.0,19.0,3.0,15.0,4.0
7.0,51,1069,2021,United States Grand Prix,8.0,15.0,8.0,13.5,1.5
62.0,117,1069,2021,United States Grand Prix,840.0,13.0,9.0,15.5,-2.5
62.0,117,1069,2021,United States Grand Prix,20.0,18.0,11.0,15.5,2.5
7.0,51,1069,2021,United States Grand Prix,841.0,12.0,10.0,13.5,-1.5
94.0,213,1069,2021,United States Grand Prix,852.0,10.0,12.0,9.0,1.0
94.0,213,1069,2021,United States Grand Prix,842.0,8.0,1.0,9.0,-1.0
460.5,131,1069,2021,United States Grand Prix,822.0,9.0,15.0,5.5,3.5
437.5,9,1069,2021,United States Grand Prix,830.0,1.0,20.0,2.0,-1.0
437.5,9,1069,2021,United States Grand Prix,815.0,3.0,18.0,2.0,1.0
460.5,131,1069,2021,United States Grand Prix,1.0,2.0,19.0,5.5,-3.5
254.0,1,1069,2021,United States Grand Prix,846.0,7.0,13.0,6.5,0.5
250.5,6,1069,2021,United States Grand Prix,844.0,4.0,17.0,4.5,-0.5
250.5,6,1069,2021,United States Grand Prix,832.0,5.0,14.0,4.5,0.5
254.0,1,1069,2021,United States Grand Prix,817.0,6.0,16.0,6.5,-0.5
68.0,117,1070,2021,Mexico City Grand Prix,840.0,20.0,7.0,14.5,5.5
0.0,210,1070,2021,Mexico City Grand Prix,853.0,15.0,3.0,14.5,0.5
23.0,3,1070,2021,Mexico City Grand Prix,849.0,13.0,4.0,14.5,-1.5
23.0,3,1070,2021,Mexico City Grand Prix,847.0,16.0,5.0,14.5,1.5
106.0,214,1070,2021,Mexico City Grand Prix,839.0,19.0,8.0,15.5,3.5
106.0,214,1070,2021,Mexico City Grand Prix,4.0,12.0,12.0,15.5,-3.5
11.0,51,1070,2021,Mexico City Grand Prix,841.0,11.0,10.0,10.5,0.5
11.0,51,1070,2021,Mexico City Grand Prix,8.0,10.0,13.0,10.5,-0.5
68.0,117,1070,2021,Mexico City Grand Prix,20.0,9.0,14.0,14.5,-5.5
0.0,210,1070,2021,Mexico City Grand Prix,854.0,14.0,2.0,14.5,-0.5
106.0,213,1070,2021,Mexico City Grand Prix,842.0,5.0,17.0,11.0,-6.0
478.5,131,1070,2021,Mexico City Grand Prix,1.0,2.0,19.0,1.5,0.5
478.5,131,1070,2021,Mexico City Grand Prix,822.0,1.0,6.0,1.5,-0.5
477.5,9,1070,2021,Mexico City Grand Prix,830.0,3.0,20.0,3.5,-0.5
477.5,9,1070,2021,Mexico City Grand Prix,815.0,4.0,18.0,3.5,0.5
106.0,213,1070,2021,Mexico City Grand Prix,852.0,17.0,1.0,11.0,6.0
255.0,1,1070,2021,Mexico City Grand Prix,817.0,7.0,9.0,12.5,-5.5
268.5,6,1070,2021,Mexico City Grand Prix,844.0,8.0,16.0,7.0,1.0
268.5,6,1070,2021,Mexico City Grand Prix,832.0,6.0,15.0,7.0,-1.0
255.0,1,1070,2021,Mexico City Grand Prix,846.0,18.0,11.0,12.5,5.5
68.0,117,1071,2021,São Paulo Grand Prix,840.0,14.0,1.0,11.5,2.5
0.0,210,1071,2021,São Paulo Grand Prix,853.0,19.0,4.0,18.5,0.5
23.0,3,1071,2021,São Paulo Grand Prix,849.0,16.0,5.0,16.5,-0.5
23.0,3,1071,2021,São Paulo Grand Prix,847.0,17.0,8.0,16.5,0.5
112.0,214,1071,2021,São Paulo Grand Prix,4.0,12.0,12.0,10.0,2.0
112.0,214,1071,2021,São Paulo Grand Prix,839.0,8.0,13.0,10.0,-2.0
11.0,51,1071,2021,São Paulo Grand Prix,841.0,13.0,7.0,6.5,6.5
11.0,51,1071,2021,São Paulo Grand Prix,8.0,20.0,9.0,6.5,-6.5
68.0,117,1071,2021,São Paulo Grand Prix,20.0,9.0,10.0,11.5,-2.5
0.0,210,1071,2021,São Paulo Grand Prix,854.0,18.0,3.0,18.5,-0.5
112.0,213,1071,2021,São Paulo Grand Prix,842.0,7.0,14.0,11.0,-4.0
112.0,213,1071,2021,São Paulo Grand Prix,852.0,15.0,6.0,11.0,4.0
521.5,131,1071,2021,São Paulo Grand Prix,1.0,10.0,20.0,5.5,4.5
521.5,131,1071,2021,São Paulo Grand Prix,822.0,1.0,18.0,5.5,-4.5
510.5,9,1071,2021,São Paulo Grand Prix,815.0,4.0,17.0,3.0,1.0
510.5,9,1071,2021,São Paulo Grand Prix,830.0,2.0,19.0,3.0,-1.0
256.0,1,1071,2021,São Paulo Grand Prix,817.0,11.0,2.0,8.0,3.0
287.5,6,1071,2021,São Paulo Grand Prix,844.0,6.0,16.0,4.5,1.5
256.0,1,1071,2021,São Paulo Grand Prix,846.0,5.0,11.0,8.0,-3.0
287.5,6,1071,2021,São Paulo Grand Prix,832.0,3.0,15.0,4.5,-1.5
13.0,51,1072,2021,Saudi Arabian Grand Prix,841.0,10.0,12.0,11.0,-1.0
0.0,210,1072,2021,Saudi Arabian Grand Prix,854.0,19.0,1.0,19.5,-0.5
0.0,210,1072,2021,Saudi Arabian Grand Prix,853.0,20.0,3.0,19.5,0.5
23.0,3,1072,2021,Saudi Arabian Grand Prix,847.0,14.0,2.0,15.0,-1.0
23.0,3,1072,2021,Saudi Arabian Grand Prix,849.0,16.0,9.0,15.0,1.0
149.0,214,1072,2021,Saudi Arabian Grand Prix,4.0,13.0,8.0,11.0,2.0
149.0,214,1072,2021,Saudi Arabian Grand Prix,839.0,9.0,17.0,11.0,-2.0
13.0,51,1072,2021,Saudi Arabian Grand Prix,8.0,12.0,6.0,11.0,1.0
77.0,117,1072,2021,Saudi Arabian Grand Prix,20.0,17.0,5.0,17.5,-0.5
77.0,117,1072,2021,Saudi Arabian Grand Prix,840.0,18.0,10.0,17.5,0.5
120.0,213,1072,2021,Saudi Arabian Grand Prix,852.0,8.0,7.0,7.0,1.0
307.5,6,1072,2021,Saudi Arabian Grand Prix,832.0,15.0,13.0,9.5,5.5
307.5,6,1072,2021,Saudi Arabian Grand Prix,844.0,4.0,14.0,9.5,-5.5
269.0,1,1072,2021,Saudi Arabian Grand Prix,846.0,7.0,11.0,9.0,-2.0
269.0,1,1072,2021,Saudi Arabian Grand Prix,817.0,11.0,16.0,9.0,2.0
559.5,9,1072,2021,Saudi Arabian Grand Prix,815.0,5.0,4.0,4.0,1.0
559.5,9,1072,2021,Saudi Arabian Grand Prix,830.0,3.0,19.0,4.0,-1.0
587.5,131,1072,2021,Saudi Arabian Grand Prix,822.0,2.0,18.0,1.5,0.5
587.5,131,1072,2021,Saudi Arabian Grand Prix,1.0,1.0,20.0,1.5,-0.5
120.0,213,1072,2021,Saudi Arabian Grand Prix,842.0,6.0,15.0,7.0,-1.0
13.0,51,1073,2021,Abu Dhabi Grand Prix,841.0,14.0,4.0,16.0,-2.0
13.0,51,1073,2021,Abu Dhabi Grand Prix,8.0,18.0,2.0,16.0,2.0
155.0,214,1073,2021,Abu Dhabi Grand Prix,4.0,11.0,13.0,10.0,1.0
77.0,117,1073,2021,Abu Dhabi Grand Prix,840.0,13.0,8.0,14.0,-1.0
23.0,3,1073,2021,Abu Dhabi Grand Prix,849.0,16.0,5.0,16.5,-0.5
23.0,3,1073,2021,Abu Dhabi Grand Prix,847.0,17.0,3.0,16.5,0.5
0.0,210,1073,2021,Abu Dhabi Grand Prix,854.0,19.0,7.0,19.5,-0.5
155.0,214,1073,2021,Abu Dhabi Grand Prix,839.0,9.0,12.0,10.0,-1.0
0.0,210,1073,2021,Abu Dhabi Grand Prix,853.0,20.0,1.0,19.5,0.5
77.0,117,1073,2021,Abu Dhabi Grand Prix,20.0,15.0,10.0,14.0,1.0
142.0,213,1073,2021,Abu Dhabi Grand Prix,852.0,8.0,17.0,10.0,-2.0
613.5,131,1073,2021,Abu Dhabi Grand Prix,1.0,2.0,19.0,4.0,-2.0
613.5,131,1073,2021,Abu Dhabi Grand Prix,822.0,6.0,15.0,4.0,2.0
585.5,9,1073,2021,Abu Dhabi Grand Prix,830.0,1.0,20.0,2.5,-1.5
585.5,9,1073,2021,Abu Dhabi Grand Prix,815.0,4.0,6.0,2.5,1.5
142.0,213,1073,2021,Abu Dhabi Grand Prix,842.0,12.0,16.0,10.0,2.0
275.0,1,1073,2021,Abu Dhabi Grand Prix,817.0,10.0,9.0,6.5,3.5
323.5,6,1073,2021,Abu Dhabi Grand Prix,832.0,5.0,18.0,6.0,-1.0
323.5,6,1073,2021,Abu Dhabi Grand Prix,844.0,7.0,11.0,6.0,1.0
275.0,1,1073,2021,Abu Dhabi Grand Prix,846.0,3.0,14.0,6.5,-3.5
8.0,214,1074,2022,Bahrain Grand Prix,4.0,8.0,12.0,9.5,-1.5
44.0,6,1074,2022,Bahrain Grand Prix,832.0,3.0,19.0,2.0,1.0
44.0,6,1074,2022,Bahrain Grand Prix,844.0,1.0,20.0,2.0,-1.0
27.0,131,1074,2022,Bahrain Grand Prix,847.0,9.0,17.0,7.0,2.0
27.0,131,1074,2022,Bahrain Grand Prix,1.0,5.0,18.0,7.0,-2.0
10.0,210,1074,2022,Bahrain Grand Prix,854.0,12.0,10.0,9.5,2.5
10.0,210,1074,2022,Bahrain Grand Prix,825.0,7.0,16.0,9.5,-2.5
9.0,51,1074,2022,Bahrain Grand Prix,855.0,15.0,11.0,10.5,4.5
9.0,51,1074,2022,Bahrain Grand Prix,822.0,6.0,15.0,10.5,-4.5
8.0,214,1074,2022,Bahrain Grand Prix,839.0,11.0,14.0,9.5,1.5
4.0,213,1074,2022,Bahrain Grand Prix,842.0,10.0,1.0,13.0,-3.0
4.0,213,1074,2022,Bahrain Grand Prix,852.0,16.0,13.0,13.0,3.0
0.0,9,1074,2022,Bahrain Grand Prix,830.0,2.0,2.0,3.0,-1.0
0.0,1,1074,2022,Bahrain Grand Prix,817.0,18.0,7.0,15.5,2.5
0.0,1,1074,2022,Bahrain Grand Prix,846.0,13.0,6.0,15.5,-2.5
0.0,9,1074,2022,Bahrain Grand Prix,815.0,4.0,3.0,3.0,1.0
0.0,3,1074,2022,Bahrain Grand Prix,849.0,20.0,5.0,17.0,3.0
0.0,117,1074,2022,Bahrain Grand Prix,840.0,19.0,9.0,18.0,1.0
0.0,117,1074,2022,Bahrain Grand Prix,807.0,17.0,4.0,18.0,-1.0
0.0,3,1074,2022,Bahrain Grand Prix,848.0,14.0,8.0,17.0,-3.0
8.0,213,1075,2022,Saudi Arabian Grand Prix,852.0,19.0,2.0,14.0,5.0
37.0,9,1075,2022,Saudi Arabian Grand Prix,830.0,4.0,20.0,2.5,1.5
6.0,1,1075,2022,Saudi Arabian Grand Prix,817.0,14.0,4.0,12.5,1.5
6.0,1,1075,2022,Saudi Arabian Grand Prix,846.0,11.0,14.0,12.5,-1.5
0.0,3,1075,2022,Saudi Arabian Grand Prix,849.0,18.0,3.0,17.0,1.0
0.0,3,1075,2022,Saudi Arabian Grand Prix,848.0,16.0,7.0,17.0,-1.0
0.0,117,1075,2022,Saudi Arabian Grand Prix,840.0,13.0,8.0,15.0,-2.0
0.0,117,1075,2022,Saudi Arabian Grand Prix,807.0,17.0,9.0,15.0,2.0
8.0,213,1075,2022,Saudi Arabian Grand Prix,842.0,9.0,13.0,14.0,-5.0
37.0,9,1075,2022,Saudi Arabian Grand Prix,815.0,1.0,17.0,2.5,-1.5
16.0,214,1075,2022,Saudi Arabian Grand Prix,839.0,5.0,15.0,6.0,-1.0
78.0,6,1075,2022,Saudi Arabian Grand Prix,844.0,2.0,19.0,2.5,-0.5
78.0,6,1075,2022,Saudi Arabian Grand Prix,832.0,3.0,18.0,2.5,0.5
38.0,131,1075,2022,Saudi Arabian Grand Prix,847.0,6.0,16.0,10.5,-4.5
38.0,131,1075,2022,Saudi Arabian Grand Prix,1.0,15.0,11.0,10.5,4.5
16.0,214,1075,2022,Saudi Arabian Grand Prix,4.0,7.0,5.0,6.0,1.0
12.0,210,1075,2022,Saudi Arabian Grand Prix,854.0,20.0,1.0,5.0,-5.0
9.0,51,1075,2022,Saudi Arabian Grand Prix,855.0,12.0,10.0,10.0,2.0
9.0,51,1075,2022,Saudi Arabian Grand Prix,822.0,8.0,6.0,10.0,-2.0
12.0,210,1075,2022,Saudi Arabian Grand Prix,825.0,10.0,12.0,5.0,5.0
10.0,213,1076,2022,Australian Grand Prix,852.0,13.0,6.0,12.0,1.0
55.0,9,1076,2022,Australian Grand Prix,815.0,3.0,19.0,2.5,0.5
24.0,1,1076,2022,Australian Grand Prix,817.0,7.0,15.0,5.5,1.5
24.0,1,1076,2022,Australian Grand Prix,846.0,4.0,16.0,5.5,-1.5
1.0,3,1076,2022,Australian Grand Prix,849.0,18.0,5.0,19.0,-1.0
1.0,3,1076,2022,Australian Grand Prix,848.0,20.0,11.0,19.0,1.0
0.0,117,1076,2022,Australian Grand Prix,20.0,17.0,2.0,18.0,-1.0
0.0,117,1076,2022,Australian Grand Prix,840.0,19.0,9.0,18.0,1.0
10.0,213,1076,2022,Australian Grand Prix,842.0,11.0,12.0,12.0,-1.0
55.0,9,1076,2022,Australian Grand Prix,830.0,2.0,3.0,2.5,-0.5
22.0,214,1076,2022,Australian Grand Prix,839.0,8.0,14.0,9.0,-1.0
104.0,6,1076,2022,Australian Grand Prix,844.0,1.0,20.0,5.0,-4.0
104.0,6,1076,2022,Australian Grand Prix,832.0,9.0,1.0,5.0,4.0
65.0,131,1076,2022,Australian Grand Prix,847.0,6.0,18.0,5.5,0.5
65.0,131,1076,2022,Australian Grand Prix,1.0,5.0,17.0,5.5,-0.5
22.0,214,1076,2022,Australian Grand Prix,4.0,10.0,4.0,9.0,1.0
12.0,210,1076,2022,Australian Grand Prix,825.0,16.0,7.0,15.5,0.5
13.0,51,1076,2022,Australian Grand Prix,822.0,12.0,13.0,13.0,-1.0
13.0,51,1076,2022,Australian Grand Prix,855.0,14.0,10.0,13.0,1.0
12.0,210,1076,2022,Australian Grand Prix,854.0,15.0,8.0,15.5,-0.5
16.0,213,1077,2022,Emilia Romagna Grand Prix,852.0,12.0,14.0,14.5,-2.5
113.0,9,1077,2022,Emilia Romagna Grand Prix,830.0,1.0,20.0,2.0,-1.0
46.0,1,1077,2022,Emilia Romagna Grand Prix,817.0,6.0,3.0,5.5,0.5
46.0,1,1077,2022,Emilia Romagna Grand Prix,846.0,5.0,18.0,5.5,-0.5
1.0,3,1077,2022,Emilia Romagna Grand Prix,849.0,19.0,5.0,18.5,0.5
1.0,3,1077,2022,Emilia Romagna Grand Prix,848.0,18.0,10.0,18.5,-0.5
5.0,117,1077,2022,Emilia Romagna Grand Prix,840.0,15.0,11.0,14.0,1.0
5.0,117,1077,2022,Emilia Romagna Grand Prix,20.0,13.0,13.0,14.0,-1.0
16.0,213,1077,2022,Emilia Romagna Grand Prix,842.0,17.0,9.0,14.5,2.5
113.0,9,1077,2022,Emilia Romagna Grand Prix,815.0,3.0,19.0,2.0,1.0
22.0,214,1077,2022,Emilia Romagna Grand Prix,4.0,9.0,2.0,12.5,-3.5
25.0,51,1077,2022,Emilia Romagna Grand Prix,855.0,20.0,6.0,3.5,-3.5
25.0,51,1077,2022,Emilia Romagna Grand Prix,822.0,7.0,16.0,3.5,3.5
15.0,210,1077,2022,Emilia Romagna Grand Prix,854.0,10.0,4.0,9.0,1.0
15.0,210,1077,2022,Emilia Romagna Grand Prix,825.0,8.0,12.0,9.0,-1.0
77.0,131,1077,2022,Emilia Romagna Grand Prix,1.0,14.0,8.0,12.5,1.5
77.0,131,1077,2022,Emilia Romagna Grand Prix,847.0,11.0,17.0,12.5,-1.5
124.0,6,1077,2022,Emilia Romagna Grand Prix,832.0,4.0,1.0,3.0,1.0
124.0,6,1077,2022,Emilia Romagna Grand Prix,844.0,2.0,15.0,3.0,-1.0
22.0,214,1077,2022,Emilia Romagna Grand Prix,839.0,16.0,7.0,12.5,3.5
6.0,117,1078,2022,Miami Grand Prix,840.0,20.0,11.0,0.0,0.0
6.0,117,1078,2022,Miami Grand Prix,20.0,20.0,4.0,0.0,0.0
3.0,3,1078,2022,Miami Grand Prix,848.0,18.0,12.0,18.5,-0.5
3.0,3,1078,2022,Miami Grand Prix,849.0,19.0,7.0,18.5,0.5
151.0,9,1078,2022,Miami Grand Prix,815.0,4.0,17.0,3.5,0.5
46.0,1,1078,2022,Miami Grand Prix,846.0,8.0,2.0,11.0,-3.0
151.0,9,1078,2022,Miami Grand Prix,830.0,3.0,20.0,3.5,-0.5
16.0,213,1078,2022,Miami Grand Prix,842.0,7.0,3.0,8.0,-1.0
46.0,1,1078,2022,Miami Grand Prix,817.0,14.0,8.0,11.0,3.0
16.0,213,1078,2022,Miami Grand Prix,852.0,9.0,9.0,8.0,1.0
26.0,214,1078,2022,Miami Grand Prix,4.0,11.0,10.0,15.5,-4.5
26.0,214,1078,2022,Miami Grand Prix,839.0,20.0,13.0,15.5,4.5
157.0,6,1078,2022,Miami Grand Prix,832.0,2.0,18.0,1.5,0.5
95.0,131,1078,2022,Miami Grand Prix,847.0,12.0,16.0,9.0,3.0
95.0,131,1078,2022,Miami Grand Prix,1.0,6.0,15.0,9.0,-3.0
157.0,6,1078,2022,Miami Grand Prix,844.0,1.0,19.0,1.5,-0.5
15.0,210,1078,2022,Miami Grand Prix,825.0,16.0,5.0,15.5,0.5
31.0,51,1078,2022,Miami Grand Prix,822.0,5.0,14.0,11.0,-6.0
31.0,51,1078,2022,Miami Grand Prix,855.0,17.0,1.0,11.0,6.0
15.0,210,1078,2022,Miami Grand Prix,854.0,15.0,6.0,15.5,-0.5
6.0,117,1079,2022,Spanish Grand Prix,20.0,16.0,10.0,16.5,-0.5
195.0,9,1079,2022,Spanish Grand Prix,815.0,5.0,19.0,3.5,1.5
195.0,9,1079,2022,Spanish Grand Prix,830.0,2.0,20.0,3.5,-1.5
50.0,1,1079,2022,Spanish Grand Prix,817.0,9.0,9.0,10.0,-1.0
50.0,1,1079,2022,Spanish Grand Prix,846.0,11.0,13.0,10.0,1.0
3.0,3,1079,2022,Spanish Grand Prix,848.0,18.0,3.0,18.5,-0.5
3.0,3,1079,2022,Spanish Grand Prix,849.0,19.0,5.0,18.5,0.5
6.0,117,1079,2022,Spanish Grand Prix,840.0,17.0,6.0,16.5,0.5
17.0,213,1079,2022,Spanish Grand Prix,842.0,14.0,8.0,13.5,0.5
17.0,213,1079,2022,Spanish Grand Prix,852.0,13.0,11.0,13.5,-0.5
169.0,6,1079,2022,Spanish Grand Prix,832.0,3.0,17.0,2.0,1.0
34.0,214,1079,2022,Spanish Grand Prix,839.0,12.0,14.0,16.0,-4.0
39.0,51,1079,2022,Spanish Grand Prix,855.0,15.0,2.0,11.0,4.0
39.0,51,1079,2022,Spanish Grand Prix,822.0,7.0,15.0,11.0,-4.0
15.0,210,1079,2022,Spanish Grand Prix,825.0,8.0,4.0,9.0,-1.0
15.0,210,1079,2022,Spanish Grand Prix,854.0,10.0,7.0,9.0,1.0
120.0,131,1079,2022,Spanish Grand Prix,1.0,6.0,16.0,5.0,1.0
120.0,131,1079,2022,Spanish Grand Prix,847.0,4.0,18.0,5.0,-1.0
169.0,6,1079,2022,Spanish Grand Prix,844.0,1.0,1.0,2.0,-1.0
34.0,214,1079,2022,Spanish Grand Prix,4.0,20.0,12.0,16.0,4.0
7.0,117,1080,2022,Monaco Grand Prix,20.0,9.0,11.0,13.5,-4.5
7.0,117,1080,2022,Monaco Grand Prix,840.0,18.0,7.0,13.5,4.5
3.0,3,1080,2022,Monaco Grand Prix,849.0,19.0,6.0,17.5,1.5
3.0,3,1080,2022,Monaco Grand Prix,848.0,16.0,3.0,17.5,-1.5
17.0,213,1080,2022,Monaco Grand Prix,852.0,11.0,4.0,14.0,-3.0
59.0,1,1080,2022,Monaco Grand Prix,817.0,14.0,8.0,9.5,4.5
235.0,9,1080,2022,Monaco Grand Prix,815.0,3.0,20.0,3.5,-0.5
235.0,9,1080,2022,Monaco Grand Prix,830.0,4.0,18.0,3.5,0.5
59.0,1,1080,2022,Monaco Grand Prix,846.0,5.0,15.0,9.5,-4.5
17.0,213,1080,2022,Monaco Grand Prix,842.0,17.0,10.0,14.0,3.0
199.0,6,1080,2022,Monaco Grand Prix,832.0,2.0,19.0,1.5,0.5
40.0,214,1080,2022,Monaco Grand Prix,4.0,7.0,14.0,8.5,-1.5
41.0,51,1080,2022,Monaco Grand Prix,855.0,20.0,5.0,16.0,4.0
41.0,51,1080,2022,Monaco Grand Prix,822.0,12.0,12.0,16.0,-4.0
15.0,210,1080,2022,Monaco Grand Prix,825.0,13.0,1.0,14.0,-1.0
15.0,210,1080,2022,Monaco Grand Prix,854.0,15.0,2.0,14.0,1.0
134.0,131,1080,2022,Monaco Grand Prix,1.0,8.0,13.0,7.0,1.0
134.0,131,1080,2022,Monaco Grand Prix,847.0,6.0,16.0,7.0,-1.0
199.0,6,1080,2022,Monaco Grand Prix,844.0,1.0,17.0,1.5,-0.5
40.0,214,1080,2022,Monaco Grand Prix,839.0,10.0,9.0,8.5,1.5
15.0,117,1081,2022,Azerbaijan Grand Prix,20.0,9.0,15.0,14.0,-5.0
15.0,117,1081,2022,Azerbaijan Grand Prix,840.0,19.0,5.0,14.0,5.0
3.0,3,1081,2022,Azerbaijan Grand Prix,848.0,17.0,9.0,17.5,-0.5
3.0,3,1081,2022,Azerbaijan Grand Prix,849.0,18.0,6.0,17.5,0.5
279.0,9,1081,2022,Azerbaijan Grand Prix,815.0,2.0,19.0,2.5,-0.5
65.0,1,1081,2022,Azerbaijan Grand Prix,846.0,11.0,12.0,11.5,-0.5
279.0,9,1081,2022,Azerbaijan Grand Prix,830.0,3.0,20.0,2.5,0.5
27.0,213,1081,2022,Azerbaijan Grand Prix,852.0,8.0,8.0,7.0,1.0
65.0,1,1081,2022,Azerbaijan Grand Prix,817.0,12.0,13.0,11.5,0.5
27.0,213,1081,2022,Azerbaijan Grand Prix,842.0,6.0,16.0,7.0,-1.0
199.0,6,1081,2022,Azerbaijan Grand Prix,844.0,1.0,2.0,2.5,-1.5
47.0,214,1081,2022,Azerbaijan Grand Prix,4.0,10.0,14.0,11.5,-1.5
199.0,6,1081,2022,Azerbaijan Grand Prix,832.0,4.0,1.0,2.5,1.5
161.0,131,1081,2022,Azerbaijan Grand Prix,847.0,5.0,18.0,6.0,-1.0
161.0,131,1081,2022,Azerbaijan Grand Prix,1.0,7.0,17.0,6.0,1.0
47.0,214,1081,2022,Azerbaijan Grand Prix,839.0,13.0,11.0,11.5,1.5
15.0,210,1081,2022,Azerbaijan Grand Prix,825.0,16.0,4.0,18.0,-2.0
41.0,51,1081,2022,Azerbaijan Grand Prix,822.0,15.0,10.0,14.5,0.5
41.0,51,1081,2022,Azerbaijan Grand Prix,855.0,14.0,3.0,14.5,-0.5
15.0,210,1081,2022,Azerbaijan Grand Prix,854.0,20.0,7.0,18.0,2.0
228.0,6,1082,2022,Canadian Grand Prix,844.0,19.0,16.0,11.0,8.0
51.0,51,1082,2022,Canadian Grand Prix,822.0,11.0,14.0,10.5,0.5
57.0,214,1082,2022,Canadian Grand Prix,4.0,2.0,12.0,4.5,-2.5
57.0,214,1082,2022,Canadian Grand Prix,839.0,7.0,15.0,4.5,2.5
16.0,117,1082,2022,Canadian Grand Prix,20.0,16.0,9.0,16.5,-0.5
16.0,117,1082,2022,Canadian Grand Prix,840.0,17.0,11.0,16.5,0.5
188.0,131,1082,2022,Canadian Grand Prix,847.0,8.0,17.0,6.0,2.0
188.0,131,1082,2022,Canadian Grand Prix,1.0,4.0,18.0,6.0,-2.0
51.0,51,1082,2022,Canadian Grand Prix,855.0,10.0,13.0,10.5,-0.5
228.0,6,1082,2022,Canadian Grand Prix,832.0,3.0,19.0,11.0,-8.0
15.0,210,1082,2022,Canadian Grand Prix,825.0,5.0,4.0,5.5,-0.5
27.0,213,1082,2022,Canadian Grand Prix,852.0,20.0,3.0,17.5,2.5
27.0,213,1082,2022,Canadian Grand Prix,842.0,15.0,7.0,17.5,-2.5
3.0,3,1082,2022,Canadian Grand Prix,849.0,18.0,5.0,15.0,3.0
3.0,3,1082,2022,Canadian Grand Prix,848.0,12.0,8.0,15.0,-3.0
65.0,1,1082,2022,Canadian Grand Prix,846.0,14.0,6.0,11.5,2.5
65.0,1,1082,2022,Canadian Grand Prix,817.0,9.0,10.0,11.5,-2.5
304.0,9,1082,2022,Canadian Grand Prix,815.0,13.0,1.0,7.0,6.0
304.0,9,1082,2022,Canadian Grand Prix,830.0,1.0,20.0,7.0,-6.0
15.0,210,1082,2022,Canadian Grand Prix,854.0,6.0,2.0,5.5,0.5
18.0,117,1083,2022,British Grand Prix,20.0,18.0,12.0,19.0,-1.0
18.0,117,1083,2022,British Grand Prix,840.0,20.0,10.0,19.0,1.0
3.0,3,1083,2022,British Grand Prix,849.0,10.0,9.0,13.0,-3.0
3.0,3,1083,2022,British Grand Prix,848.0,16.0,1.0,13.0,3.0
27.0,213,1083,2022,British Grand Prix,842.0,11.0,5.0,12.0,-1.0
73.0,1,1083,2022,British Grand Prix,817.0,14.0,8.0,10.0,4.0
328.0,9,1083,2022,British Grand Prix,815.0,4.0,19.0,3.0,1.0
328.0,9,1083,2022,British Grand Prix,830.0,2.0,14.0,3.0,-1.0
73.0,1,1083,2022,British Grand Prix,846.0,6.0,15.0,10.0,-4.0
27.0,213,1083,2022,British Grand Prix,852.0,13.0,7.0,12.0,1.0
67.0,214,1083,2022,British Grand Prix,839.0,15.0,6.0,11.0,4.0
67.0,214,1083,2022,British Grand Prix,4.0,7.0,16.0,11.0,-4.0
51.0,51,1083,2022,British Grand Prix,855.0,9.0,2.0,10.5,-1.5
51.0,51,1083,2022,British Grand Prix,822.0,12.0,4.0,10.5,1.5
20.0,210,1083,2022,British Grand Prix,825.0,17.0,11.0,18.0,-1.0
20.0,210,1083,2022,British Grand Prix,854.0,19.0,13.0,18.0,1.0
204.0,131,1083,2022,British Grand Prix,847.0,8.0,3.0,6.5,1.5
204.0,131,1083,2022,British Grand Prix,1.0,5.0,18.0,6.5,-1.5
265.0,6,1083,2022,British Grand Prix,844.0,3.0,17.0,2.0,1.0
265.0,6,1083,2022,British Grand Prix,832.0,1.0,20.0,2.0,-1.0
18.0,117,1084,2022,Austrian Grand Prix,840.0,12.0,8.0,15.0,-3.0
18.0,117,1084,2022,Austrian Grand Prix,20.0,18.0,4.0,15.0,3.0
3.0,3,1084,2022,Austrian Grand Prix,848.0,15.0,9.0,16.0,-1.0
3.0,3,1084,2022,Austrian Grand Prix,849.0,17.0,2.0,16.0,1.0
359.0,9,1084,2022,Austrian Grand Prix,815.0,5.0,1.0,3.0,2.0
81.0,1,1084,2022,Austrian Grand Prix,817.0,11.0,12.0,10.5,0.5
359.0,9,1084,2022,Austrian Grand Prix,830.0,1.0,19.0,3.0,-2.0
27.0,213,1084,2022,Austrian Grand Prix,852.0,16.0,5.0,15.0,1.0
81.0,1,1084,2022,Austrian Grand Prix,846.0,10.0,14.0,10.5,-0.5
27.0,213,1084,2022,Austrian Grand Prix,842.0,14.0,6.0,15.0,-1.0
81.0,214,1084,2022,Austrian Grand Prix,4.0,19.0,11.0,12.5,6.5
81.0,214,1084,2022,Austrian Grand Prix,839.0,6.0,16.0,12.5,-6.5
303.0,6,1084,2022,Austrian Grand Prix,832.0,3.0,3.0,2.5,0.5
237.0,131,1084,2022,Austrian Grand Prix,1.0,8.0,18.0,6.0,2.0
237.0,131,1084,2022,Austrian Grand Prix,847.0,4.0,17.0,6.0,-2.0
303.0,6,1084,2022,Austrian Grand Prix,844.0,2.0,20.0,2.5,-0.5
34.0,210,1084,2022,Austrian Grand Prix,825.0,7.0,13.0,8.0,-1.0
51.0,51,1084,2022,Austrian Grand Prix,822.0,20.0,10.0,6.5,-6.5
51.0,51,1084,2022,Austrian Grand Prix,855.0,13.0,7.0,6.5,6.5
34.0,210,1084,2022,Austrian Grand Prix,854.0,9.0,15.0,8.0,1.0
27.0,213,1085,2022,French Grand Prix,852.0,8.0,1.0,11.0,-3.0
396.0,9,1085,2022,French Grand Prix,830.0,2.0,20.0,2.5,-0.5
89.0,1,1085,2022,French Grand Prix,817.0,9.0,12.0,7.0,2.0
89.0,1,1085,2022,French Grand Prix,846.0,5.0,14.0,7.0,-2.0
3.0,3,1085,2022,French Grand Prix,849.0,18.0,4.0,15.5,2.5
3.0,3,1085,2022,French Grand Prix,848.0,13.0,8.0,15.5,-2.5
19.0,117,1085,2022,French Grand Prix,20.0,12.0,10.0,13.5,-1.5
19.0,117,1085,2022,French Grand Prix,840.0,15.0,11.0,13.5,1.5
27.0,213,1085,2022,French Grand Prix,842.0,14.0,9.0,11.0,3.0
396.0,9,1085,2022,French Grand Prix,815.0,3.0,17.0,2.5,0.5
93.0,214,1085,2022,French Grand Prix,4.0,7.0,15.0,8.5,-1.5
314.0,6,1085,2022,French Grand Prix,832.0,19.0,16.0,10.0,9.0
314.0,6,1085,2022,French Grand Prix,844.0,1.0,2.0,10.0,-9.0
270.0,131,1085,2022,French Grand Prix,1.0,4.0,19.0,5.0,-1.0
270.0,131,1085,2022,French Grand Prix,847.0,6.0,18.0,5.0,1.0
93.0,214,1085,2022,French Grand Prix,839.0,10.0,13.0,8.5,1.5
34.0,210,1085,2022,French Grand Prix,825.0,20.0,3.0,18.5,1.5
51.0,51,1085,2022,French Grand Prix,822.0,11.0,7.0,13.5,-2.5
51.0,51,1085,2022,French Grand Prix,855.0,16.0,5.0,13.5,2.5
34.0,210,1085,2022,French Grand Prix,854.0,17.0,6.0,18.5,-1.5
27.0,213,1086,2022,Hungarian Grand Prix,852.0,16.0,2.0,8.0,8.0
431.0,9,1086,2022,Hungarian Grand Prix,830.0,10.0,20.0,10.5,-0.5
95.0,1,1086,2022,Hungarian Grand Prix,817.0,9.0,6.0,6.5,2.5
95.0,1,1086,2022,Hungarian Grand Prix,846.0,4.0,14.0,6.5,-2.5
3.0,3,1086,2022,Hungarian Grand Prix,849.0,19.0,3.0,18.0,1.0
3.0,3,1086,2022,Hungarian Grand Prix,848.0,17.0,4.0,18.0,-1.0
20.0,117,1086,2022,Hungarian Grand Prix,840.0,14.0,10.0,16.0,-2.0
20.0,117,1086,2022,Hungarian Grand Prix,20.0,18.0,11.0,16.0,2.0
27.0,213,1086,2022,Hungarian Grand Prix,842.0,20.0,9.0,8.0,-8.0
431.0,9,1086,2022,Hungarian Grand Prix,815.0,11.0,16.0,10.5,0.5
99.0,214,1086,2022,Hungarian Grand Prix,4.0,6.0,13.0,5.5,0.5
334.0,6,1086,2022,Hungarian Grand Prix,832.0,2.0,17.0,2.5,-0.5
334.0,6,1086,2022,Hungarian Grand Prix,844.0,3.0,15.0,2.5,0.5
304.0,131,1086,2022,Hungarian Grand Prix,1.0,7.0,19.0,4.0,3.0
304.0,131,1086,2022,Hungarian Grand Prix,847.0,1.0,18.0,4.0,-3.0
99.0,214,1086,2022,Hungarian Grand Prix,839.0,5.0,12.0,5.5,-0.5
34.0,210,1086,2022,Hungarian Grand Prix,825.0,13.0,5.0,14.0,-1.0
51.0,51,1086,2022,Hungarian Grand Prix,855.0,12.0,8.0,10.0,2.0
51.0,51,1086,2022,Hungarian Grand Prix,822.0,8.0,1.0,10.0,-2.0
34.0,210,1086,2022,Hungarian Grand Prix,854.0,15.0,7.0,14.0,1.0
29.0,213,1087,2022,Belgian Grand Prix,842.0,20.0,12.0,0.0,0.0
475.0,9,1087,2022,Belgian Grand Prix,830.0,14.0,20.0,8.0,6.0
95.0,1,1087,2022,Belgian Grand Prix,817.0,7.0,6.0,12.0,-5.0
95.0,1,1087,2022,Belgian Grand Prix,846.0,17.0,9.0,12.0,5.0
4.0,3,1087,2022,Belgian Grand Prix,849.0,11.0,3.0,8.5,2.5
4.0,3,1087,2022,Belgian Grand Prix,848.0,6.0,11.0,8.5,-2.5
24.0,117,1087,2022,Belgian Grand Prix,840.0,9.0,10.0,9.5,-0.5
24.0,117,1087,2022,Belgian Grand Prix,20.0,10.0,13.0,9.5,0.5
29.0,213,1087,2022,Belgian Grand Prix,852.0,20.0,8.0,0.0,0.0
475.0,9,1087,2022,Belgian Grand Prix,815.0,2.0,19.0,8.0,-6.0
115.0,214,1087,2022,Belgian Grand Prix,839.0,16.0,14.0,9.5,6.5
51.0,51,1087,2022,Belgian Grand Prix,822.0,13.0,2.0,15.5,-2.5
51.0,51,1087,2022,Belgian Grand Prix,855.0,18.0,7.0,15.5,2.5
34.0,210,1087,2022,Belgian Grand Prix,854.0,19.0,4.0,15.5,3.5
34.0,210,1087,2022,Belgian Grand Prix,825.0,12.0,5.0,15.5,-3.5
316.0,131,1087,2022,Belgian Grand Prix,1.0,4.0,1.0,4.5,-0.5
316.0,131,1087,2022,Belgian Grand Prix,847.0,5.0,17.0,4.5,0.5
357.0,6,1087,2022,Belgian Grand Prix,844.0,15.0,15.0,8.0,7.0
357.0,6,1087,2022,Belgian Grand Prix,832.0,1.0,18.0,8.0,-7.0
115.0,214,1087,2022,Belgian Grand Prix,4.0,3.0,16.0,9.5,-6.5
25.0,117,1088,2022,Dutch Grand Prix,840.0,10.0,11.0,14.5,-4.5
25.0,117,1088,2022,Dutch Grand Prix,20.0,19.0,7.0,14.5,4.5
4.0,3,1088,2022,Dutch Grand Prix,848.0,15.0,9.0,17.5,-2.5
29.0,213,1088,2022,Dutch Grand Prix,852.0,9.0,1.0,10.0,-1.0
101.0,1,1088,2022,Dutch Grand Prix,846.0,7.0,14.0,12.0,-5.0
101.0,1,1088,2022,Dutch Grand Prix,817.0,17.0,4.0,12.0,5.0
511.0,9,1088,2022,Dutch Grand Prix,830.0,1.0,20.0,3.0,-2.0
4.0,3,1088,2022,Dutch Grand Prix,849.0,20.0,3.0,17.5,2.5
29.0,213,1088,2022,Dutch Grand Prix,842.0,11.0,10.0,10.0,1.0
511.0,9,1088,2022,Dutch Grand Prix,815.0,5.0,16.0,3.0,2.0
125.0,214,1088,2022,Dutch Grand Prix,4.0,13.0,15.0,12.5,0.5
376.0,6,1088,2022,Dutch Grand Prix,844.0,2.0,18.0,2.5,-0.5
376.0,6,1088,2022,Dutch Grand Prix,832.0,3.0,13.0,2.5,0.5
346.0,131,1088,2022,Dutch Grand Prix,847.0,6.0,19.0,5.0,1.0
346.0,131,1088,2022,Dutch Grand Prix,1.0,4.0,17.0,5.0,-1.0
125.0,214,1088,2022,Dutch Grand Prix,839.0,12.0,12.0,12.5,-0.5
34.0,210,1088,2022,Dutch Grand Prix,825.0,18.0,6.0,13.0,5.0
51.0,51,1088,2022,Dutch Grand Prix,855.0,14.0,5.0,15.0,-1.0
51.0,51,1088,2022,Dutch Grand Prix,822.0,16.0,2.0,15.0,1.0
34.0,210,1088,2022,Dutch Grand Prix,854.0,8.0,8.0,13.0,-5.0
33.0,213,1089,2022,Italian Grand Prix,852.0,20.0,7.0,12.5,7.5
545.0,9,1089,2022,Italian Grand Prix,815.0,13.0,15.0,10.0,3.0
545.0,9,1089,2022,Italian Grand Prix,830.0,7.0,20.0,10.0,-3.0
107.0,1,1089,2022,Italian Grand Prix,817.0,4.0,4.0,3.5,0.5
107.0,1,1089,2022,Italian Grand Prix,846.0,3.0,14.0,3.5,-0.5
6.0,3,1089,2022,Italian Grand Prix,849.0,10.0,6.0,9.0,1.0
6.0,3,1089,2022,Italian Grand Prix,856.0,8.0,12.0,9.0,-1.0
25.0,117,1089,2022,Italian Grand Prix,20.0,11.0,1.0,11.5,-0.5
25.0,117,1089,2022,Italian Grand Prix,840.0,12.0,3.0,11.5,0.5
33.0,213,1089,2022,Italian Grand Prix,842.0,5.0,13.0,12.5,-7.5
125.0,214,1089,2022,Italian Grand Prix,4.0,6.0,2.0,10.0,-4.0
125.0,214,1089,2022,Italian Grand Prix,839.0,14.0,10.0,10.0,4.0
52.0,51,1089,2022,Italian Grand Prix,822.0,15.0,8.0,12.0,3.0
52.0,51,1089,2022,Italian Grand Prix,855.0,9.0,11.0,12.0,-3.0
34.0,210,1089,2022,Italian Grand Prix,825.0,16.0,5.0,16.5,-0.5
34.0,210,1089,2022,Italian Grand Prix,854.0,17.0,9.0,16.5,0.5
371.0,131,1089,2022,Italian Grand Prix,1.0,19.0,16.0,10.5,8.5
371.0,131,1089,2022,Italian Grand Prix,847.0,2.0,18.0,10.5,-8.5
406.0,6,1089,2022,Italian Grand Prix,832.0,18.0,17.0,9.5,8.5
406.0,6,1089,2022,Italian Grand Prix,844.0,1.0,19.0,9.5,-8.5
37.0,117,1091,2022,Singapore Grand Prix,840.0,11.0,15.0,12.0,-1.0
37.0,117,1091,2022,Singapore Grand Prix,20.0,13.0,13.0,12.0,1.0
6.0,3,1091,2022,Singapore Grand Prix,848.0,18.0,4.0,18.5,-0.5
6.0,3,1091,2022,Singapore Grand Prix,849.0,19.0,2.0,18.5,0.5
576.0,9,1091,2022,Singapore Grand Prix,830.0,8.0,14.0,5.0,3.0
129.0,1,1091,2022,Singapore Grand Prix,817.0,16.0,16.0,11.0,5.0
576.0,9,1091,2022,Singapore Grand Prix,815.0,2.0,20.0,5.0,-3.0
34.0,213,1091,2022,Singapore Grand Prix,852.0,10.0,6.0,8.5,1.5
129.0,1,1091,2022,Singapore Grand Prix,846.0,6.0,17.0,11.0,-5.0
34.0,213,1091,2022,Singapore Grand Prix,842.0,7.0,11.0,8.5,-1.5
125.0,214,1091,2022,Singapore Grand Prix,4.0,5.0,3.0,11.0,-6.0
125.0,214,1091,2022,Singapore Grand Prix,839.0,17.0,5.0,11.0,6.0
52.0,51,1091,2022,Singapore Grand Prix,855.0,14.0,1.0,14.5,-0.5
52.0,51,1091,2022,Singapore Grand Prix,822.0,15.0,10.0,14.5,0.5
34.0,210,1091,2022,Singapore Grand Prix,854.0,12.0,8.0,10.5,1.5
34.0,210,1091,2022,Singapore Grand Prix,825.0,9.0,9.0,10.5,-1.5
373.0,131,1091,2022,Singapore Grand Prix,847.0,20.0,7.0,1.5,-1.5
373.0,131,1091,2022,Singapore Grand Prix,1.0,3.0,12.0,1.5,1.5
439.0,6,1091,2022,Singapore Grand Prix,832.0,4.0,18.0,2.5,1.5
439.0,6,1091,2022,Singapore Grand Prix,844.0,1.0,19.0,2.5,-1.5
387.0,131,1092,2022,Japanese Grand Prix,1.0,6.0,16.0,7.0,-1.0
387.0,131,1092,2022,Japanese Grand Prix,847.0,8.0,13.0,7.0,1.0
143.0,214,1092,2022,Japanese Grand Prix,839.0,5.0,17.0,6.0,-1.0
143.0,214,1092,2022,Japanese Grand Prix,4.0,7.0,14.0,6.0,1.0
52.0,51,1092,2022,Japanese Grand Prix,855.0,14.0,5.0,13.0,1.0
45.0,117,1092,2022,Japanese Grand Prix,840.0,19.0,9.0,14.0,5.0
52.0,51,1092,2022,Japanese Grand Prix,822.0,12.0,6.0,13.0,-1.0
8.0,3,1092,2022,Japanese Grand Prix,848.0,16.0,1.0,18.0,-2.0
45.0,117,1092,2022,Japanese Grand Prix,20.0,9.0,15.0,14.0,-5.0
8.0,3,1092,2022,Japanese Grand Prix,849.0,20.0,12.0,18.0,2.0
454.0,6,1092,2022,Japanese Grand Prix,832.0,3.0,2.0,2.5,0.5
454.0,6,1092,2022,Japanese Grand Prix,844.0,2.0,18.0,2.5,-0.5
619.0,9,1092,2022,Japanese Grand Prix,815.0,4.0,19.0,2.5,1.5
130.0,1,1092,2022,Japanese Grand Prix,846.0,10.0,11.0,10.5,-0.5
130.0,1,1092,2022,Japanese Grand Prix,817.0,11.0,10.0,10.5,0.5
619.0,9,1092,2022,Japanese Grand Prix,830.0,1.0,20.0,2.5,-1.5
34.0,213,1092,2022,Japanese Grand Prix,842.0,17.0,3.0,15.0,2.0
34.0,210,1092,2022,Japanese Grand Prix,825.0,18.0,7.0,16.5,1.5
34.0,210,1092,2022,Japanese Grand Prix,854.0,15.0,4.0,16.5,-1.5
34.0,213,1092,2022,Japanese Grand Prix,852.0,13.0,8.0,15.0,-2.0
35.0,213,1093,2022,United States Grand Prix,842.0,11.0,7.0,15.0,-4.0
656.0,9,1093,2022,United States Grand Prix,830.0,2.0,20.0,5.5,-3.5
416.0,131,1093,2022,United States Grand Prix,847.0,4.0,16.0,3.5,0.5
416.0,131,1093,2022,United States Grand Prix,1.0,3.0,19.0,3.5,-0.5
36.0,210,1093,2022,United States Grand Prix,854.0,16.0,6.0,14.5,1.5
36.0,210,1093,2022,United States Grand Prix,825.0,13.0,12.0,14.5,-1.5
52.0,51,1093,2022,United States Grand Prix,822.0,7.0,2.0,12.5,-5.5
52.0,51,1093,2022,United States Grand Prix,855.0,18.0,9.0,12.5,5.5
35.0,213,1093,2022,United States Grand Prix,852.0,19.0,11.0,15.0,4.0
656.0,9,1093,2022,United States Grand Prix,815.0,9.0,17.0,5.5,3.5
49.0,117,1093,2022,United States Grand Prix,20.0,10.0,13.0,7.5,2.5
8.0,3,1093,2022,United States Grand Prix,848.0,8.0,8.0,12.5,-4.5
8.0,3,1093,2022,United States Grand Prix,849.0,17.0,4.0,12.5,4.5
138.0,1,1093,2022,United States Grand Prix,846.0,6.0,15.0,10.5,-4.5
138.0,1,1093,2022,United States Grand Prix,817.0,15.0,5.0,10.5,4.5
49.0,117,1093,2022,United States Grand Prix,840.0,5.0,3.0,7.5,-2.5
149.0,214,1093,2022,United States Grand Prix,839.0,20.0,10.0,7.0,-7.0
469.0,6,1093,2022,United States Grand Prix,844.0,12.0,18.0,6.5,5.5
149.0,214,1093,2022,United States Grand Prix,4.0,14.0,14.0,7.0,7.0
469.0,6,1093,2022,United States Grand Prix,832.0,1.0,1.0,6.5,-5.5
53.0,51,1094,2022,Mexico City Grand Prix,855.0,12.0,8.0,9.0,3.0
53.0,51,1094,2022,Mexico City Grand Prix,822.0,6.0,11.0,9.0,-3.0
49.0,117,1094,2022,Mexico City Grand Prix,840.0,20.0,6.0,18.0,2.0
49.0,117,1094,2022,Mexico City Grand Prix,20.0,16.0,7.0,18.0,-2.0
153.0,214,1094,2022,Mexico City Grand Prix,4.0,9.0,2.0,9.5,-0.5
447.0,131,1094,2022,Mexico City Grand Prix,847.0,2.0,17.0,2.5,-0.5
447.0,131,1094,2022,Mexico City Grand Prix,1.0,3.0,19.0,2.5,0.5
8.0,3,1094,2022,Mexico City Grand Prix,849.0,18.0,3.0,17.5,0.5
153.0,214,1094,2022,Mexico City Grand Prix,839.0,10.0,13.0,9.5,0.5
487.0,6,1094,2022,Mexico City Grand Prix,844.0,7.0,15.0,6.0,1.0
487.0,6,1094,2022,Mexico City Grand Prix,832.0,5.0,16.0,6.0,-1.0
36.0,210,1094,2022,Mexico City Grand Prix,825.0,19.0,4.0,17.0,2.0
36.0,210,1094,2022,Mexico City Grand Prix,854.0,15.0,5.0,17.0,-2.0
35.0,213,1094,2022,Mexico City Grand Prix,852.0,13.0,1.0,13.5,-0.5
35.0,213,1094,2022,Mexico City Grand Prix,842.0,14.0,10.0,13.5,0.5
146.0,1,1094,2022,Mexico City Grand Prix,846.0,8.0,12.0,9.5,-1.5
146.0,1,1094,2022,Mexico City Grand Prix,817.0,11.0,14.0,9.5,1.5
696.0,9,1094,2022,Mexico City Grand Prix,815.0,4.0,18.0,2.5,1.5
8.0,3,1094,2022,Mexico City Grand Prix,848.0,17.0,9.0,17.5,-0.5
696.0,9,1094,2022,Mexico City Grand Prix,830.0,1.0,20.0,2.5,-1.5
50.0,117,1095,2022,São Paulo Grand Prix,840.0,15.0,11.0,12.0,3.0
50.0,117,1095,2022,São Paulo Grand Prix,20.0,9.0,10.0,12.0,-3.0
8.0,3,1095,2022,São Paulo Grand Prix,848.0,19.0,6.0,18.5,0.5
8.0,3,1095,2022,São Paulo Grand Prix,849.0,18.0,5.0,18.5,-0.5
719.0,9,1095,2022,São Paulo Grand Prix,815.0,4.0,14.0,3.5,0.5
148.0,1,1095,2022,São Paulo Grand Prix,817.0,11.0,1.0,8.5,2.5
719.0,9,1095,2022,São Paulo Grand Prix,830.0,3.0,15.0,3.5,-0.5
35.0,213,1095,2022,São Paulo Grand Prix,852.0,20.0,4.0,5.0,-5.0
148.0,1,1095,2022,São Paulo Grand Prix,846.0,6.0,3.0,8.5,-2.5
35.0,213,1095,2022,São Paulo Grand Prix,842.0,10.0,7.0,5.0,5.0
505.0,131,1095,2022,São Paulo Grand Prix,847.0,1.0,20.0,1.5,-0.5
167.0,214,1095,2022,São Paulo Grand Prix,4.0,17.0,16.0,16.5,0.5
55.0,51,1095,2022,São Paulo Grand Prix,855.0,13.0,9.0,13.5,-0.5
55.0,51,1095,2022,São Paulo Grand Prix,822.0,14.0,12.0,13.5,0.5
37.0,210,1095,2022,São Paulo Grand Prix,825.0,8.0,2.0,10.0,-2.0
37.0,210,1095,2022,São Paulo Grand Prix,854.0,12.0,8.0,10.0,2.0
505.0,131,1095,2022,São Paulo Grand Prix,1.0,2.0,19.0,1.5,0.5
524.0,6,1095,2022,São Paulo Grand Prix,844.0,5.0,17.0,6.0,-1.0
524.0,6,1095,2022,São Paulo Grand Prix,832.0,7.0,18.0,6.0,1.0
167.0,214,1095,2022,São Paulo Grand Prix,839.0,16.0,13.0,16.5,-0.5
55.0,117,1096,2022,Abu Dhabi Grand Prix,840.0,14.0,13.0,11.5,2.5
55.0,117,1096,2022,Abu Dhabi Grand Prix,20.0,9.0,11.0,11.5,-2.5
8.0,3,1096,2022,Abu Dhabi Grand Prix,848.0,19.0,8.0,19.5,-0.5
35.0,213,1096,2022,Abu Dhabi Grand Prix,842.0,17.0,7.0,14.0,3.0
159.0,1,1096,2022,Abu Dhabi Grand Prix,846.0,7.0,15.0,10.0,-3.0
159.0,1,1096,2022,Abu Dhabi Grand Prix,817.0,13.0,12.0,10.0,3.0
759.0,9,1096,2022,Abu Dhabi Grand Prix,830.0,1.0,20.0,1.5,-0.5
8.0,3,1096,2022,Abu Dhabi Grand Prix,849.0,20.0,2.0,19.5,0.5
35.0,213,1096,2022,Abu Dhabi Grand Prix,852.0,11.0,10.0,14.0,-3.0
759.0,9,1096,2022,Abu Dhabi Grand Prix,815.0,2.0,18.0,1.5,0.5
173.0,214,1096,2022,Abu Dhabi Grand Prix,839.0,8.0,14.0,9.0,-1.0
554.0,6,1096,2022,Abu Dhabi Grand Prix,844.0,3.0,19.0,3.5,-0.5
554.0,6,1096,2022,Abu Dhabi Grand Prix,832.0,4.0,17.0,3.5,0.5
515.0,131,1096,2022,Abu Dhabi Grand Prix,847.0,6.0,16.0,5.5,0.5
515.0,131,1096,2022,Abu Dhabi Grand Prix,1.0,5.0,3.0,5.5,-0.5
173.0,214,1096,2022,Abu Dhabi Grand Prix,4.0,10.0,1.0,9.0,1.0
37.0,210,1096,2022,Abu Dhabi Grand Prix,825.0,16.0,4.0,14.0,2.0
55.0,51,1096,2022,Abu Dhabi Grand Prix,855.0,15.0,9.0,16.5,-1.5
55.0,51,1096,2022,Abu Dhabi Grand Prix,822.0,18.0,6.0,16.5,1.5
37.0,210,1096,2022,Abu Dhabi Grand Prix,854.0,12.0,5.0,14.0,-2.0
16.0,131,1098,2023,Bahrain Grand Prix,1.0,7.0,16.0,6.5,0.5
43.0,9,1098,2023,Bahrain Grand Prix,815.0,2.0,19.0,1.5,0.5
43.0,9,1098,2023,Bahrain Grand Prix,830.0,1.0,20.0,1.5,-0.5
23.0,117,1098,2023,Bahrain Grand Prix,840.0,8.0,15.0,6.5,1.5
23.0,117,1098,2023,Bahrain Grand Prix,4.0,5.0,18.0,6.5,-1.5
12.0,6,1098,2023,Bahrain Grand Prix,844.0,3.0,2.0,3.5,-0.5
12.0,6,1098,2023,Bahrain Grand Prix,832.0,4.0,17.0,3.5,0.5
16.0,131,1098,2023,Bahrain Grand Prix,847.0,6.0,14.0,6.5,-0.5
4.0,51,1098,2023,Bahrain Grand Prix,855.0,13.0,5.0,12.5,0.5
4.0,51,1098,2023,Bahrain Grand Prix,822.0,12.0,13.0,12.5,-0.5
2.0,214,1098,2023,Bahrain Grand Prix,842.0,20.0,12.0,14.5,5.5
1.0,3,1098,2023,Bahrain Grand Prix,858.0,16.0,9.0,15.5,0.5
1.0,3,1098,2023,Bahrain Grand Prix,848.0,15.0,11.0,15.5,-0.5
0.0,213,1098,2023,Bahrain Grand Prix,856.0,19.0,7.0,16.5,2.5
0.0,213,1098,2023,Bahrain Grand Prix,852.0,14.0,10.0,16.5,-2.5
0.0,210,1098,2023,Bahrain Grand Prix,807.0,10.0,6.0,13.5,-3.5
0.0,210,1098,2023,Bahrain Grand Prix,825.0,17.0,8.0,13.5,3.5
0.0,1,1098,2023,Bahrain Grand Prix,857.0,18.0,1.0,14.5,3.5
0.0,1,1098,2023,Bahrain Grand Prix,846.0,11.0,4.0,14.5,-3.5
2.0,214,1098,2023,Bahrain Grand Prix,839.0,9.0,3.0,14.5,-5.5
26.0,6,1099,2023,Saudi Arabian Grand Prix,844.0,12.0,14.0,8.0,4.0
87.0,9,1099,2023,Saudi Arabian Grand Prix,830.0,15.0,19.0,8.0,7.0
1.0,210,1099,2023,Saudi Arabian Grand Prix,825.0,13.0,11.0,11.5,1.5
1.0,210,1099,2023,Saudi Arabian Grand Prix,807.0,10.0,9.0,11.5,-1.5
8.0,214,1099,2023,Saudi Arabian Grand Prix,839.0,6.0,13.0,7.5,-1.5
87.0,9,1099,2023,Saudi Arabian Grand Prix,815.0,1.0,20.0,8.0,-7.0
38.0,117,1099,2023,Saudi Arabian Grand Prix,4.0,2.0,18.0,3.5,-1.5
38.0,117,1099,2023,Saudi Arabian Grand Prix,840.0,5.0,1.0,3.5,1.5
38.0,131,1099,2023,Saudi Arabian Grand Prix,847.0,3.0,17.0,5.0,-2.0
38.0,131,1099,2023,Saudi Arabian Grand Prix,1.0,7.0,16.0,5.0,2.0
8.0,214,1099,2023,Saudi Arabian Grand Prix,842.0,9.0,12.0,7.5,1.5
26.0,6,1099,2023,Saudi Arabian Grand Prix,832.0,4.0,15.0,8.0,-4.0
1.0,3,1099,2023,Saudi Arabian Grand Prix,848.0,17.0,2.0,18.5,-1.5
4.0,51,1099,2023,Saudi Arabian Grand Prix,855.0,11.0,8.0,12.5,-1.5
1.0,3,1099,2023,Saudi Arabian Grand Prix,858.0,20.0,5.0,18.5,1.5
0.0,213,1099,2023,Saudi Arabian Grand Prix,856.0,18.0,7.0,17.0,1.0
0.0,213,1099,2023,Saudi Arabian Grand Prix,852.0,16.0,10.0,17.0,-1.0
0.0,1,1099,2023,Saudi Arabian Grand Prix,846.0,19.0,4.0,13.5,5.5
0.0,1,1099,2023,Saudi Arabian Grand Prix,857.0,8.0,6.0,13.5,-5.5
4.0,51,1099,2023,Saudi Arabian Grand Prix,822.0,14.0,3.0,12.5,1.5
12.0,1,1100,2023,Australian Grand Prix,857.0,16.0,13.0,14.5,1.5
12.0,1,1100,2023,Australian Grand Prix,846.0,13.0,15.0,14.5,-1.5
7.0,210,1100,2023,Australian Grand Prix,825.0,14.0,4.0,12.0,2.0
7.0,210,1100,2023,Australian Grand Prix,807.0,10.0,14.0,12.0,-2.0
1.0,213,1100,2023,Australian Grand Prix,856.0,15.0,6.0,13.5,1.5
1.0,213,1100,2023,Australian Grand Prix,852.0,12.0,11.0,13.5,-1.5
1.0,3,1100,2023,Australian Grand Prix,848.0,8.0,2.0,13.0,-5.0
1.0,3,1100,2023,Australian Grand Prix,858.0,18.0,5.0,13.0,5.0
8.0,214,1100,2023,Australian Grand Prix,839.0,11.0,7.0,10.0,1.0
8.0,214,1100,2023,Australian Grand Prix,842.0,9.0,8.0,10.0,-1.0
6.0,51,1100,2023,Australian Grand Prix,855.0,17.0,12.0,8.5,8.5
6.0,51,1100,2023,Australian Grand Prix,822.0,20.0,10.0,8.5,-8.5
123.0,9,1100,2023,Australian Grand Prix,830.0,1.0,20.0,0.5,0.5
65.0,117,1100,2023,Australian Grand Prix,840.0,6.0,17.0,5.0,1.0
65.0,117,1100,2023,Australian Grand Prix,4.0,4.0,18.0,5.0,-1.0
123.0,9,1100,2023,Australian Grand Prix,815.0,20.0,16.0,0.5,-0.5
26.0,6,1100,2023,Australian Grand Prix,832.0,5.0,9.0,6.0,-1.0
26.0,6,1100,2023,Australian Grand Prix,844.0,7.0,1.0,6.0,1.0
56.0,131,1100,2023,Australian Grand Prix,1.0,3.0,19.0,2.5,0.5
56.0,131,1100,2023,Australian Grand Prix,847.0,2.0,3.0,2.5,-0.5
14.0,1,1101,2023,Azerbaijan Grand Prix,857.0,10.0,10.0,8.5,1.5
14.0,1,1101,2023,Azerbaijan Grand Prix,846.0,7.0,12.0,8.5,-1.5
7.0,210,1101,2023,Azerbaijan Grand Prix,807.0,20.0,4.0,8.0,-8.0
7.0,210,1101,2023,Azerbaijan Grand Prix,825.0,16.0,8.0,8.0,8.0
2.0,213,1101,2023,Azerbaijan Grand Prix,856.0,18.0,1.0,13.0,5.0
1.0,3,1101,2023,Azerbaijan Grand Prix,858.0,14.0,5.0,13.0,1.0
1.0,3,1101,2023,Azerbaijan Grand Prix,848.0,12.0,9.0,13.0,-1.0
8.0,214,1101,2023,Azerbaijan Grand Prix,839.0,20.0,6.0,8.5,-8.5
8.0,214,1101,2023,Azerbaijan Grand Prix,842.0,17.0,7.0,8.5,8.5
2.0,213,1101,2023,Azerbaijan Grand Prix,852.0,8.0,11.0,13.0,-5.0
6.0,51,1101,2023,Azerbaijan Grand Prix,822.0,13.0,3.0,14.0,-1.0
180.0,9,1101,2023,Azerbaijan Grand Prix,830.0,2.0,19.0,2.5,-0.5
87.0,117,1101,2023,Azerbaijan Grand Prix,4.0,6.0,17.0,7.5,-1.5
87.0,117,1101,2023,Azerbaijan Grand Prix,840.0,9.0,14.0,7.5,1.5
62.0,6,1101,2023,Azerbaijan Grand Prix,844.0,1.0,18.0,2.5,-1.5
180.0,9,1101,2023,Azerbaijan Grand Prix,815.0,3.0,20.0,2.5,0.5
62.0,6,1101,2023,Azerbaijan Grand Prix,832.0,4.0,16.0,2.5,1.5
76.0,131,1101,2023,Azerbaijan Grand Prix,1.0,5.0,15.0,8.0,-3.0
76.0,131,1101,2023,Azerbaijan Grand Prix,847.0,11.0,13.0,8.0,3.0
6.0,51,1101,2023,Azerbaijan Grand Prix,855.0,15.0,2.0,14.0,1.0
14.0,214,1102,2023,Miami Grand Prix,839.0,8.0,12.0,6.5,1.5
14.0,1,1102,2023,Miami Grand Prix,857.0,19.0,2.0,17.5,1.5
14.0,1,1102,2023,Miami Grand Prix,846.0,16.0,4.0,17.5,-1.5
8.0,210,1102,2023,Miami Grand Prix,807.0,12.0,6.0,8.0,4.0
8.0,210,1102,2023,Miami Grand Prix,825.0,4.0,11.0,8.0,-4.0
2.0,213,1102,2023,Miami Grand Prix,856.0,15.0,3.0,16.0,-1.0
2.0,213,1102,2023,Miami Grand Prix,852.0,17.0,10.0,16.0,1.0
1.0,3,1102,2023,Miami Grand Prix,858.0,20.0,1.0,15.5,4.5
1.0,3,1102,2023,Miami Grand Prix,848.0,11.0,7.0,15.5,-4.5
14.0,214,1102,2023,Miami Grand Prix,842.0,5.0,13.0,6.5,-1.5
6.0,51,1102,2023,Miami Grand Prix,855.0,14.0,5.0,12.0,2.0
6.0,51,1102,2023,Miami Grand Prix,822.0,10.0,8.0,12.0,-2.0
224.0,9,1102,2023,Miami Grand Prix,815.0,1.0,19.0,5.0,-4.0
102.0,117,1102,2023,Miami Grand Prix,4.0,2.0,18.0,10.0,-8.0
102.0,117,1102,2023,Miami Grand Prix,840.0,18.0,9.0,10.0,8.0
224.0,9,1102,2023,Miami Grand Prix,830.0,9.0,20.0,5.0,4.0
78.0,6,1102,2023,Miami Grand Prix,844.0,7.0,14.0,5.0,2.0
96.0,131,1102,2023,Miami Grand Prix,847.0,6.0,17.0,9.5,-3.5
96.0,131,1102,2023,Miami Grand Prix,1.0,13.0,15.0,9.5,3.5
78.0,6,1102,2023,Miami Grand Prix,832.0,3.0,16.0,5.0,-2.0
35.0,214,1104,2023,Monaco Grand Prix,842.0,7.0,14.0,5.0,2.0
17.0,1,1104,2023,Monaco Grand Prix,846.0,10.0,12.0,10.5,-0.5
8.0,210,1104,2023,Monaco Grand Prix,825.0,17.0,2.0,17.5,-0.5
8.0,210,1104,2023,Monaco Grand Prix,807.0,18.0,4.0,17.5,0.5
2.0,213,1104,2023,Monaco Grand Prix,852.0,9.0,6.0,10.5,-1.5
2.0,213,1104,2023,Monaco Grand Prix,856.0,12.0,9.0,10.5,1.5
1.0,3,1104,2023,Monaco Grand Prix,858.0,16.0,3.0,14.5,1.5
1.0,3,1104,2023,Monaco Grand Prix,848.0,13.0,7.0,14.5,-1.5
35.0,214,1104,2023,Monaco Grand Prix,839.0,3.0,18.0,5.0,-2.0
17.0,1,1104,2023,Monaco Grand Prix,857.0,11.0,11.0,10.5,0.5
6.0,51,1104,2023,Monaco Grand Prix,822.0,15.0,10.0,17.0,-2.0
249.0,9,1104,2023,Monaco Grand Prix,830.0,1.0,20.0,10.5,-9.5
249.0,9,1104,2023,Monaco Grand Prix,815.0,20.0,5.0,10.5,9.5
120.0,117,1104,2023,Monaco Grand Prix,4.0,2.0,19.0,8.0,-6.0
120.0,117,1104,2023,Monaco Grand Prix,840.0,14.0,1.0,8.0,6.0
6.0,51,1104,2023,Monaco Grand Prix,855.0,19.0,8.0,17.0,2.0
90.0,6,1104,2023,Monaco Grand Prix,832.0,4.0,13.0,5.0,-1.0
119.0,131,1104,2023,Monaco Grand Prix,1.0,5.0,17.0,6.5,-1.5
119.0,131,1104,2023,Monaco Grand Prix,847.0,8.0,16.0,6.5,1.5
90.0,6,1104,2023,Monaco Grand Prix,844.0,6.0,15.0,5.0,1.0
40.0,214,1105,2023,Spanish Grand Prix,842.0,10.0,11.0,8.0,2.0
17.0,1,1105,2023,Spanish Grand Prix,857.0,9.0,8.0,6.0,3.0
8.0,210,1105,2023,Spanish Grand Prix,825.0,17.0,3.0,12.0,5.0
8.0,210,1105,2023,Spanish Grand Prix,807.0,7.0,6.0,12.0,-5.0
2.0,213,1105,2023,Spanish Grand Prix,856.0,14.0,7.0,14.5,-0.5
2.0,213,1105,2023,Spanish Grand Prix,852.0,15.0,9.0,14.5,0.5
1.0,3,1105,2023,Spanish Grand Prix,858.0,20.0,1.0,19.0,1.0
1.0,3,1105,2023,Spanish Grand Prix,848.0,18.0,5.0,19.0,-1.0
40.0,214,1105,2023,Spanish Grand Prix,839.0,6.0,13.0,8.0,-2.0
17.0,1,1105,2023,Spanish Grand Prix,846.0,3.0,4.0,6.0,-3.0
8.0,51,1105,2023,Spanish Grand Prix,855.0,13.0,12.0,14.5,-1.5
287.0,9,1105,2023,Spanish Grand Prix,830.0,1.0,20.0,6.0,-5.0
287.0,9,1105,2023,Spanish Grand Prix,815.0,11.0,17.0,6.0,5.0
134.0,117,1105,2023,Spanish Grand Prix,840.0,5.0,15.0,6.5,-1.5
134.0,117,1105,2023,Spanish Grand Prix,4.0,8.0,14.0,6.5,1.5
8.0,51,1105,2023,Spanish Grand Prix,822.0,16.0,2.0,14.5,1.5
100.0,6,1105,2023,Spanish Grand Prix,844.0,19.0,10.0,10.5,8.5
152.0,131,1105,2023,Spanish Grand Prix,1.0,4.0,19.0,8.0,-4.0
152.0,131,1105,2023,Spanish Grand Prix,847.0,12.0,18.0,8.0,4.0
100.0,6,1105,2023,Spanish Grand Prix,832.0,2.0,16.0,10.5,-8.5
9.0,51,1106,2023,Canadian Grand Prix,822.0,14.0,11.0,17.0,-3.0
321.0,9,1106,2023,Canadian Grand Prix,830.0,1.0,20.0,6.5,-5.5
154.0,117,1106,2023,Canadian Grand Prix,840.0,16.0,12.0,9.0,7.0
154.0,117,1106,2023,Canadian Grand Prix,4.0,2.0,19.0,9.0,-7.0
122.0,6,1106,2023,Canadian Grand Prix,832.0,11.0,16.0,10.5,0.5
122.0,6,1106,2023,Canadian Grand Prix,844.0,10.0,17.0,10.5,-0.5
167.0,131,1106,2023,Canadian Grand Prix,847.0,4.0,2.0,3.5,0.5
167.0,131,1106,2023,Canadian Grand Prix,1.0,3.0,18.0,3.5,-0.5
9.0,51,1106,2023,Canadian Grand Prix,855.0,20.0,5.0,17.0,3.0
321.0,9,1106,2023,Canadian Grand Prix,815.0,12.0,15.0,6.5,5.5
44.0,214,1106,2023,Canadian Grand Prix,842.0,15.0,9.0,10.5,4.5
7.0,3,1106,2023,Canadian Grand Prix,858.0,18.0,1.0,13.5,4.5
7.0,3,1106,2023,Canadian Grand Prix,848.0,9.0,14.0,13.5,-4.5
2.0,213,1106,2023,Canadian Grand Prix,856.0,17.0,3.0,18.0,-1.0
2.0,213,1106,2023,Canadian Grand Prix,852.0,19.0,7.0,18.0,1.0
8.0,210,1106,2023,Canadian Grand Prix,825.0,13.0,4.0,9.0,4.0
8.0,210,1106,2023,Canadian Grand Prix,807.0,5.0,6.0,9.0,-4.0
17.0,1,1106,2023,Canadian Grand Prix,846.0,7.0,8.0,7.5,-0.5
17.0,1,1106,2023,Canadian Grand Prix,857.0,8.0,10.0,7.5,0.5
44.0,214,1106,2023,Canadian Grand Prix,839.0,6.0,13.0,10.5,-4.5
47.0,214,1107,2023,Austrian Grand Prix,842.0,9.0,11.0,10.5,-1.5
47.0,214,1107,2023,Austrian Grand Prix,839.0,12.0,7.0,10.5,1.5
377.0,9,1107,2023,Austrian Grand Prix,830.0,1.0,20.0,8.0,-7.0
377.0,9,1107,2023,Austrian Grand Prix,815.0,15.0,18.0,8.0,7.0
178.0,131,1107,2023,Austrian Grand Prix,1.0,5.0,13.0,8.0,-3.0
9.0,51,1107,2023,Austrian Grand Prix,822.0,14.0,6.0,15.5,-1.5
178.0,131,1107,2023,Austrian Grand Prix,847.0,11.0,14.0,8.0,3.0
29.0,1,1107,2023,Austrian Grand Prix,857.0,13.0,5.0,8.5,4.5
9.0,51,1107,2023,Austrian Grand Prix,855.0,17.0,9.0,15.5,1.5
29.0,1,1107,2023,Austrian Grand Prix,846.0,4.0,17.0,8.5,-4.5
2.0,213,1107,2023,Austrian Grand Prix,852.0,16.0,2.0,8.0,8.0
2.0,213,1107,2023,Austrian Grand Prix,856.0,20.0,4.0,8.0,-8.0
175.0,117,1107,2023,Austrian Grand Prix,840.0,6.0,12.0,6.5,-0.5
175.0,117,1107,2023,Austrian Grand Prix,4.0,7.0,16.0,6.5,0.5
154.0,6,1107,2023,Austrian Grand Prix,832.0,3.0,15.0,2.5,0.5
154.0,6,1107,2023,Austrian Grand Prix,844.0,2.0,19.0,2.5,-0.5
7.0,3,1107,2023,Austrian Grand Prix,858.0,18.0,8.0,14.0,4.0
7.0,3,1107,2023,Austrian Grand Prix,848.0,10.0,10.0,14.0,-4.0
11.0,210,1107,2023,Austrian Grand Prix,807.0,8.0,1.0,4.0,4.0
11.0,210,1107,2023,Austrian Grand Prix,825.0,20.0,3.0,4.0,-4.0
11.0,3,1108,2023,British Grand Prix,848.0,8.0,13.0,11.0,-3.0
11.0,3,1108,2023,British Grand Prix,858.0,14.0,10.0,11.0,3.0
2.0,213,1108,2023,British Grand Prix,852.0,16.0,5.0,17.0,-1.0
2.0,213,1108,2023,British Grand Prix,856.0,18.0,4.0,17.0,1.0
59.0,1,1108,2023,British Grand Prix,857.0,3.0,17.0,2.5,0.5
11.0,210,1108,2023,British Grand Prix,825.0,19.0,2.0,15.0,4.0
59.0,1,1108,2023,British Grand Prix,846.0,2.0,19.0,2.5,-0.5
47.0,214,1108,2023,British Grand Prix,839.0,13.0,1.0,11.5,1.5
11.0,210,1108,2023,British Grand Prix,807.0,11.0,8.0,15.0,-4.0
47.0,214,1108,2023,British Grand Prix,842.0,10.0,3.0,11.5,-1.5
9.0,51,1108,2023,British Grand Prix,855.0,17.0,6.0,18.5,-1.5
9.0,51,1108,2023,British Grand Prix,822.0,20.0,9.0,18.5,1.5
411.0,9,1108,2023,British Grand Prix,815.0,15.0,15.0,8.0,7.0
181.0,117,1108,2023,British Grand Prix,4.0,9.0,14.0,10.5,-1.5
181.0,117,1108,2023,British Grand Prix,840.0,12.0,7.0,10.5,1.5
411.0,9,1108,2023,British Grand Prix,830.0,1.0,20.0,8.0,-7.0
157.0,6,1108,2023,British Grand Prix,832.0,5.0,11.0,4.5,0.5
203.0,131,1108,2023,British Grand Prix,1.0,7.0,18.0,6.5,0.5
203.0,131,1108,2023,British Grand Prix,847.0,6.0,16.0,6.5,-0.5
157.0,6,1108,2023,British Grand Prix,844.0,4.0,12.0,4.5,-0.5
47.0,214,1109,2023,Hungarian Grand Prix,842.0,15.0,1.0,13.5,1.5
87.0,1,1109,2023,Hungarian Grand Prix,846.0,3.0,19.0,3.5,-0.5
11.0,210,1109,2023,Hungarian Grand Prix,825.0,19.0,4.0,14.5,4.5
11.0,210,1109,2023,Hungarian Grand Prix,807.0,10.0,7.0,14.5,-4.5
2.0,213,1109,2023,Hungarian Grand Prix,852.0,17.0,6.0,15.0,2.0
2.0,213,1109,2023,Hungarian Grand Prix,817.0,13.0,8.0,15.0,-2.0
11.0,3,1109,2023,Hungarian Grand Prix,858.0,20.0,3.0,18.0,2.0
11.0,3,1109,2023,Hungarian Grand Prix,848.0,16.0,10.0,18.0,-2.0
47.0,214,1109,2023,Hungarian Grand Prix,839.0,12.0,2.0,13.5,-1.5
87.0,1,1109,2023,Hungarian Grand Prix,857.0,4.0,16.0,3.5,0.5
9.0,51,1109,2023,Hungarian Grand Prix,822.0,7.0,9.0,6.0,1.0
452.0,9,1109,2023,Hungarian Grand Prix,830.0,2.0,20.0,5.5,-3.5
452.0,9,1109,2023,Hungarian Grand Prix,815.0,9.0,18.0,5.5,3.5
184.0,117,1109,2023,Hungarian Grand Prix,4.0,8.0,12.0,11.0,-3.0
184.0,117,1109,2023,Hungarian Grand Prix,840.0,14.0,11.0,11.0,3.0
9.0,51,1109,2023,Hungarian Grand Prix,855.0,5.0,5.0,6.0,-1.0
167.0,6,1109,2023,Hungarian Grand Prix,832.0,11.0,13.0,8.5,2.5
223.0,131,1109,2023,Hungarian Grand Prix,1.0,1.0,17.0,9.5,-8.5
223.0,131,1109,2023,Hungarian Grand Prix,847.0,18.0,15.0,9.5,8.5
167.0,6,1109,2023,Hungarian Grand Prix,844.0,6.0,14.0,8.5,-2.5
57.0,214,1110,2023,Belgian Grand Prix,842.0,12.0,10.0,13.0,-1.0
103.0,1,1110,2023,Belgian Grand Prix,846.0,7.0,14.0,6.0,1.0
11.0,210,1110,2023,Belgian Grand Prix,807.0,20.0,3.0,8.0,-8.0
11.0,210,1110,2023,Belgian Grand Prix,825.0,16.0,6.0,8.0,8.0
3.0,213,1110,2023,Belgian Grand Prix,817.0,19.0,5.0,15.0,4.0
3.0,213,1110,2023,Belgian Grand Prix,852.0,11.0,11.0,15.0,-4.0
11.0,3,1110,2023,Belgian Grand Prix,858.0,18.0,4.0,16.5,1.5
11.0,3,1110,2023,Belgian Grand Prix,848.0,15.0,7.0,16.5,-1.5
57.0,214,1110,2023,Belgian Grand Prix,839.0,14.0,13.0,13.0,1.0
103.0,1,1110,2023,Belgian Grand Prix,857.0,5.0,1.0,6.0,-1.0
9.0,51,1110,2023,Belgian Grand Prix,822.0,13.0,9.0,15.0,-2.0
503.0,9,1110,2023,Belgian Grand Prix,830.0,6.0,20.0,4.0,2.0
503.0,9,1110,2023,Belgian Grand Prix,815.0,2.0,19.0,4.0,-2.0
196.0,117,1110,2023,Belgian Grand Prix,4.0,9.0,16.0,9.5,-0.5
196.0,117,1110,2023,Belgian Grand Prix,840.0,10.0,12.0,9.5,0.5
9.0,51,1110,2023,Belgian Grand Prix,855.0,17.0,8.0,15.0,2.0
191.0,6,1110,2023,Belgian Grand Prix,832.0,4.0,2.0,2.5,1.5
247.0,131,1110,2023,Belgian Grand Prix,1.0,3.0,17.0,5.5,-2.5
247.0,131,1110,2023,Belgian Grand Prix,847.0,8.0,15.0,5.5,2.5
191.0,6,1110,2023,Belgian Grand Prix,844.0,1.0,18.0,2.5,-1.5
73.0,214,1111,2023,Dutch Grand Prix,842.0,12.0,18.0,14.0,-2.0
111.0,1,1111,2023,Dutch Grand Prix,846.0,2.0,14.0,5.0,-3.0
11.0,210,1111,2023,Dutch Grand Prix,825.0,20.0,5.0,7.0,-7.0
11.0,210,1111,2023,Dutch Grand Prix,807.0,14.0,9.0,7.0,7.0
3.0,213,1111,2023,Dutch Grand Prix,852.0,17.0,6.0,18.0,-1.0
3.0,213,1111,2023,Dutch Grand Prix,859.0,19.0,8.0,18.0,1.0
15.0,3,1111,2023,Dutch Grand Prix,858.0,10.0,1.0,7.0,3.0
15.0,3,1111,2023,Dutch Grand Prix,848.0,4.0,13.0,7.0,-3.0
73.0,214,1111,2023,Dutch Grand Prix,839.0,16.0,11.0,14.0,2.0
111.0,1,1111,2023,Dutch Grand Prix,857.0,8.0,12.0,5.0,3.0
9.0,51,1111,2023,Dutch Grand Prix,855.0,15.0,3.0,16.5,-1.5
255.0,131,1111,2023,Dutch Grand Prix,847.0,3.0,4.0,8.0,-5.0
255.0,131,1111,2023,Dutch Grand Prix,1.0,13.0,15.0,8.0,5.0
201.0,6,1111,2023,Dutch Grand Prix,844.0,9.0,2.0,7.5,1.5
201.0,6,1111,2023,Dutch Grand Prix,832.0,6.0,16.0,7.5,-1.5
215.0,117,1111,2023,Dutch Grand Prix,840.0,11.0,10.0,8.0,3.0
215.0,117,1111,2023,Dutch Grand Prix,4.0,5.0,19.0,8.0,-3.0
540.0,9,1111,2023,Dutch Grand Prix,815.0,7.0,17.0,4.0,3.0
540.0,9,1111,2023,Dutch Grand Prix,830.0,1.0,20.0,4.0,-3.0
9.0,51,1111,2023,Dutch Grand Prix,822.0,18.0,7.0,16.5,1.5
21.0,3,1112,2023,Italian Grand Prix,848.0,6.0,14.0,10.5,-4.5
21.0,3,1112,2023,Italian Grand Prix,858.0,15.0,8.0,10.5,4.5
3.0,213,1112,2023,Italian Grand Prix,859.0,12.0,10.0,11.5,0.5
73.0,214,1112,2023,Italian Grand Prix,839.0,18.0,2.0,17.5,0.5
11.0,210,1112,2023,Italian Grand Prix,807.0,13.0,4.0,16.0,-3.0
11.0,210,1112,2023,Italian Grand Prix,825.0,19.0,3.0,16.0,3.0
115.0,1,1112,2023,Italian Grand Prix,846.0,9.0,13.0,8.0,1.0
3.0,213,1112,2023,Italian Grand Prix,852.0,11.0,1.0,11.5,-0.5
73.0,214,1112,2023,Italian Grand Prix,842.0,17.0,6.0,17.5,-0.5
115.0,1,1112,2023,Italian Grand Prix,857.0,7.0,9.0,8.0,-1.0
10.0,51,1112,2023,Italian Grand Prix,822.0,14.0,11.0,15.0,-1.0
583.0,9,1112,2023,Italian Grand Prix,830.0,2.0,20.0,3.5,-1.5
583.0,9,1112,2023,Italian Grand Prix,815.0,5.0,19.0,3.5,1.5
217.0,117,1112,2023,Italian Grand Prix,4.0,10.0,12.0,15.0,-5.0
217.0,117,1112,2023,Italian Grand Prix,840.0,20.0,5.0,15.0,5.0
10.0,51,1112,2023,Italian Grand Prix,855.0,16.0,7.0,15.0,1.0
228.0,6,1112,2023,Italian Grand Prix,844.0,3.0,17.0,2.0,1.0
273.0,131,1112,2023,Italian Grand Prix,847.0,4.0,16.0,6.0,-2.0
273.0,131,1112,2023,Italian Grand Prix,1.0,8.0,15.0,6.0,2.0
228.0,6,1112,2023,Italian Grand Prix,832.0,1.0,18.0,2.0,-1.0
81.0,214,1113,2023,Singapore Grand Prix,839.0,8.0,3.0,10.0,-2.0
139.0,1,1113,2023,Singapore Grand Prix,857.0,17.0,14.0,10.5,6.5
139.0,1,1113,2023,Singapore Grand Prix,846.0,4.0,19.0,10.5,-6.5
12.0,210,1113,2023,Singapore Grand Prix,807.0,9.0,8.0,7.5,1.5
12.0,210,1113,2023,Singapore Grand Prix,825.0,6.0,11.0,7.5,-1.5
5.0,213,1113,2023,Singapore Grand Prix,852.0,15.0,2.0,12.5,2.5
5.0,213,1113,2023,Singapore Grand Prix,859.0,10.0,12.0,12.5,-2.5
21.0,3,1113,2023,Singapore Grand Prix,858.0,18.0,7.0,16.0,2.0
21.0,3,1113,2023,Singapore Grand Prix,848.0,14.0,10.0,16.0,-2.0
81.0,214,1113,2023,Singapore Grand Prix,842.0,12.0,15.0,10.0,2.0
10.0,51,1113,2023,Singapore Grand Prix,822.0,16.0,4.0,8.0,8.0
10.0,51,1113,2023,Singapore Grand Prix,855.0,20.0,9.0,8.0,-8.0
597.0,9,1113,2023,Singapore Grand Prix,815.0,13.0,13.0,12.0,1.0
217.0,117,1113,2023,Singapore Grand Prix,4.0,7.0,6.0,3.5,3.5
217.0,117,1113,2023,Singapore Grand Prix,840.0,20.0,1.0,3.5,-3.5
597.0,9,1113,2023,Singapore Grand Prix,830.0,11.0,16.0,12.0,-1.0
265.0,6,1113,2023,Singapore Grand Prix,844.0,3.0,17.0,2.0,1.0
289.0,131,1113,2023,Singapore Grand Prix,1.0,5.0,18.0,3.5,1.5
289.0,131,1113,2023,Singapore Grand Prix,847.0,2.0,5.0,3.5,-1.5
265.0,6,1113,2023,Singapore Grand Prix,832.0,1.0,20.0,2.0,-1.0
84.0,214,1114,2023,Japanese Grand Prix,842.0,12.0,11.0,13.0,-1.0
172.0,1,1114,2023,Japanese Grand Prix,846.0,3.0,19.0,2.5,0.5
12.0,210,1114,2023,Japanese Grand Prix,825.0,15.0,6.0,16.5,-1.5
12.0,210,1114,2023,Japanese Grand Prix,807.0,18.0,7.0,16.5,1.5
5.0,213,1114,2023,Japanese Grand Prix,852.0,9.0,9.0,10.0,-1.0
5.0,213,1114,2023,Japanese Grand Prix,859.0,11.0,10.0,10.0,1.0
21.0,3,1114,2023,Japanese Grand Prix,858.0,20.0,4.0,6.5,-6.5
21.0,3,1114,2023,Japanese Grand Prix,848.0,13.0,5.0,6.5,6.5
84.0,214,1114,2023,Japanese Grand Prix,839.0,14.0,12.0,13.0,1.0
172.0,1,1114,2023,Japanese Grand Prix,857.0,2.0,18.0,2.5,-0.5
10.0,51,1114,2023,Japanese Grand Prix,855.0,19.0,8.0,17.5,1.5
623.0,9,1114,2023,Japanese Grand Prix,830.0,1.0,20.0,3.0,-2.0
623.0,9,1114,2023,Japanese Grand Prix,815.0,5.0,2.0,3.0,2.0
221.0,117,1114,2023,Japanese Grand Prix,4.0,10.0,13.0,13.5,-3.5
221.0,117,1114,2023,Japanese Grand Prix,840.0,17.0,3.0,13.5,3.5
10.0,51,1114,2023,Japanese Grand Prix,822.0,16.0,1.0,17.5,-1.5
285.0,6,1114,2023,Japanese Grand Prix,832.0,6.0,15.0,5.0,1.0
305.0,131,1114,2023,Japanese Grand Prix,1.0,7.0,16.0,7.5,-0.5
305.0,131,1114,2023,Japanese Grand Prix,847.0,8.0,14.0,7.5,0.5
285.0,6,1114,2023,Japanese Grand Prix,844.0,4.0,17.0,5.0,-1.0
16.0,51,1115,2023,Qatar Grand Prix,855.0,19.0,12.0,14.0,5.0
657.0,9,1115,2023,Qatar Grand Prix,830.0,1.0,20.0,0.5,0.5
230.0,117,1115,2023,Qatar Grand Prix,840.0,16.0,10.0,10.0,6.0
230.0,117,1115,2023,Qatar Grand Prix,4.0,4.0,15.0,10.0,-6.0
298.0,6,1115,2023,Qatar Grand Prix,832.0,12.0,1.0,8.5,3.5
298.0,6,1115,2023,Qatar Grand Prix,844.0,5.0,16.0,8.5,-3.5
326.0,131,1115,2023,Qatar Grand Prix,1.0,3.0,2.0,2.5,0.5
326.0,131,1115,2023,Qatar Grand Prix,847.0,2.0,17.0,2.5,-0.5
16.0,51,1115,2023,Qatar Grand Prix,822.0,9.0,13.0,14.0,-5.0
657.0,9,1115,2023,Qatar Grand Prix,815.0,20.0,11.0,0.5,-0.5
23.0,3,1115,2023,Qatar Grand Prix,848.0,13.0,8.0,14.0,-1.0
5.0,213,1115,2023,Qatar Grand Prix,852.0,11.0,6.0,14.0,-3.0
5.0,213,1115,2023,Qatar Grand Prix,859.0,17.0,4.0,14.0,3.0
90.0,214,1115,2023,Qatar Grand Prix,839.0,8.0,14.0,7.5,0.5
90.0,214,1115,2023,Qatar Grand Prix,842.0,7.0,9.0,7.5,-0.5
23.0,3,1115,2023,Qatar Grand Prix,858.0,15.0,3.0,14.0,1.0
219.0,1,1115,2023,Qatar Grand Prix,846.0,10.0,18.0,8.0,2.0
12.0,210,1115,2023,Qatar Grand Prix,825.0,18.0,7.0,16.0,2.0
12.0,210,1115,2023,Qatar Grand Prix,807.0,14.0,5.0,16.0,-2.0
219.0,1,1115,2023,Qatar Grand Prix,857.0,6.0,19.0,8.0,-2.0
100.0,214,1116,2023,United States Grand Prix,842.0,7.0,15.0,7.5,-0.5
706.0,9,1116,2023,United States Grand Prix,830.0,6.0,20.0,7.5,-1.5
236.0,117,1116,2023,United States Grand Prix,4.0,20.0,5.0,0.0,0.0
236.0,117,1116,2023,United States Grand Prix,840.0,20.0,14.0,0.0,0.0
344.0,131,1116,2023,United States Grand Prix,1.0,3.0,2.0,4.0,-1.0
344.0,131,1116,2023,United States Grand Prix,847.0,5.0,16.0,4.0,1.0
16.0,51,1116,2023,United States Grand Prix,855.0,12.0,8.0,12.5,-0.5
16.0,51,1116,2023,United States Grand Prix,822.0,13.0,9.0,12.5,0.5
100.0,214,1116,2023,United States Grand Prix,839.0,8.0,3.0,7.5,0.5
706.0,9,1116,2023,United States Grand Prix,815.0,9.0,17.0,7.5,1.5
10.0,213,1116,2023,United States Grand Prix,817.0,14.0,6.0,12.5,1.5
242.0,1,1116,2023,United States Grand Prix,857.0,10.0,4.0,6.0,4.0
242.0,1,1116,2023,United States Grand Prix,846.0,2.0,19.0,6.0,-4.0
322.0,6,1116,2023,United States Grand Prix,844.0,1.0,1.0,2.5,-1.5
322.0,6,1116,2023,United States Grand Prix,832.0,4.0,18.0,2.5,1.5
26.0,3,1116,2023,United States Grand Prix,858.0,16.0,11.0,15.5,0.5
26.0,3,1116,2023,United States Grand Prix,848.0,15.0,12.0,15.5,-0.5
12.0,210,1116,2023,United States Grand Prix,825.0,20.0,7.0,0.0,0.0
12.0,210,1116,2023,United States Grand Prix,807.0,20.0,10.0,0.0,0.0
10.0,213,1116,2023,United States Grand Prix,852.0,11.0,13.0,12.5,-1.5
28.0,3,1117,2023,Mexico City Grand Prix,848.0,14.0,12.0,16.5,-2.5
28.0,3,1117,2023,Mexico City Grand Prix,858.0,19.0,5.0,16.5,2.5
16.0,213,1117,2023,Mexico City Grand Prix,817.0,4.0,14.0,11.0,-7.0
101.0,214,1117,2023,Mexico City Grand Prix,842.0,11.0,10.0,13.0,-2.0
12.0,210,1117,2023,Mexico City Grand Prix,807.0,12.0,8.0,14.0,-2.0
12.0,210,1117,2023,Mexico City Grand Prix,825.0,16.0,2.0,14.0,2.0
256.0,1,1117,2023,Mexico City Grand Prix,846.0,17.0,16.0,12.0,5.0
16.0,213,1117,2023,Mexico City Grand Prix,852.0,18.0,9.0,11.0,7.0
101.0,214,1117,2023,Mexico City Grand Prix,839.0,15.0,11.0,13.0,2.0
256.0,1,1117,2023,Mexico City Grand Prix,857.0,7.0,13.0,12.0,-5.0
16.0,51,1117,2023,Mexico City Grand Prix,855.0,10.0,7.0,9.5,0.5
731.0,9,1117,2023,Mexico City Grand Prix,830.0,3.0,20.0,4.0,-1.0
731.0,9,1117,2023,Mexico City Grand Prix,815.0,5.0,1.0,4.0,1.0
236.0,117,1117,2023,Mexico City Grand Prix,840.0,20.0,4.0,6.5,-6.5
236.0,117,1117,2023,Mexico City Grand Prix,4.0,13.0,3.0,6.5,6.5
16.0,51,1117,2023,Mexico City Grand Prix,822.0,9.0,6.0,9.5,-0.5
349.0,6,1117,2023,Mexico City Grand Prix,832.0,2.0,17.0,1.5,0.5
371.0,131,1117,2023,Mexico City Grand Prix,1.0,6.0,19.0,7.0,-1.0
371.0,131,1117,2023,Mexico City Grand Prix,847.0,8.0,15.0,7.0,1.0
349.0,6,1117,2023,Mexico City Grand Prix,844.0,1.0,18.0,1.5,-0.5
282.0,1,1118,2023,São Paulo Grand Prix,846.0,6.0,19.0,8.0,-2.0
12.0,210,1118,2023,São Paulo Grand Prix,825.0,12.0,3.0,11.5,0.5
12.0,210,1118,2023,São Paulo Grand Prix,807.0,11.0,9.0,11.5,-0.5
21.0,213,1118,2023,São Paulo Grand Prix,817.0,17.0,8.0,16.5,0.5
21.0,213,1118,2023,São Paulo Grand Prix,852.0,16.0,12.0,16.5,-0.5
28.0,3,1118,2023,São Paulo Grand Prix,848.0,13.0,2.0,16.0,-3.0
28.0,3,1118,2023,São Paulo Grand Prix,858.0,19.0,10.0,16.0,3.0
108.0,214,1118,2023,São Paulo Grand Prix,839.0,14.0,11.0,14.5,-0.5
108.0,214,1118,2023,São Paulo Grand Prix,842.0,15.0,14.0,14.5,0.5
282.0,1,1118,2023,São Paulo Grand Prix,857.0,10.0,7.0,8.0,2.0
16.0,51,1118,2023,São Paulo Grand Prix,822.0,18.0,5.0,19.0,-1.0
782.0,9,1118,2023,São Paulo Grand Prix,830.0,1.0,20.0,5.0,-4.0
782.0,9,1118,2023,São Paulo Grand Prix,815.0,9.0,17.0,5.0,4.0
261.0,117,1118,2023,São Paulo Grand Prix,4.0,4.0,18.0,3.5,0.5
261.0,117,1118,2023,São Paulo Grand Prix,840.0,3.0,16.0,3.5,-0.5
16.0,51,1118,2023,São Paulo Grand Prix,855.0,20.0,4.0,19.0,1.0
362.0,6,1118,2023,São Paulo Grand Prix,844.0,20.0,1.0,3.5,-3.5
382.0,131,1118,2023,São Paulo Grand Prix,1.0,5.0,13.0,6.5,-1.5
382.0,131,1118,2023,São Paulo Grand Prix,847.0,8.0,6.0,6.5,1.5
362.0,6,1118,2023,São Paulo Grand Prix,832.0,7.0,15.0,3.5,3.5
120.0,214,1119,2023,Las Vegas Grand Prix,839.0,16.0,17.0,10.0,6.0
284.0,1,1119,2023,Las Vegas Grand Prix,857.0,18.0,11.0,16.5,1.5
12.0,210,1119,2023,Las Vegas Grand Prix,807.0,13.0,2.0,10.5,2.5
12.0,210,1119,2023,Las Vegas Grand Prix,825.0,8.0,8.0,10.5,-2.5
21.0,213,1119,2023,Las Vegas Grand Prix,852.0,20.0,3.0,17.0,3.0
21.0,213,1119,2023,Las Vegas Grand Prix,817.0,14.0,7.0,17.0,-3.0
28.0,3,1119,2023,Las Vegas Grand Prix,858.0,6.0,5.0,5.5,0.5
28.0,3,1119,2023,Las Vegas Grand Prix,848.0,5.0,9.0,5.5,-0.5
120.0,214,1119,2023,Las Vegas Grand Prix,842.0,4.0,10.0,10.0,-6.0
284.0,1,1119,2023,Las Vegas Grand Prix,846.0,15.0,1.0,16.5,-1.5
16.0,51,1119,2023,Las Vegas Grand Prix,822.0,7.0,4.0,12.0,-5.0
392.0,131,1119,2023,Las Vegas Grand Prix,847.0,3.0,13.0,6.5,-3.5
16.0,51,1119,2023,Las Vegas Grand Prix,855.0,17.0,6.0,12.0,5.0
822.0,9,1119,2023,Las Vegas Grand Prix,830.0,2.0,20.0,6.5,-4.5
822.0,9,1119,2023,Las Vegas Grand Prix,815.0,11.0,18.0,6.5,4.5
273.0,117,1119,2023,Las Vegas Grand Prix,840.0,19.0,16.0,14.0,5.0
388.0,6,1119,2023,Las Vegas Grand Prix,844.0,1.0,19.0,6.5,-5.5
388.0,6,1119,2023,Las Vegas Grand Prix,832.0,12.0,15.0,6.5,5.5
392.0,131,1119,2023,Las Vegas Grand Prix,1.0,10.0,14.0,6.5,3.5
273.0,117,1119,2023,Las Vegas Grand Prix,4.0,9.0,12.0,14.0,-5.0
302.0,1,1120,2023,Abu Dhabi Grand Prix,857.0,3.0,15.0,4.0,-1.0
120.0,214,1120,2023,Abu Dhabi Grand Prix,839.0,12.0,9.0,11.0,1.0
12.0,210,1120,2023,Abu Dhabi Grand Prix,825.0,17.0,1.0,12.5,4.5
12.0,210,1120,2023,Abu Dhabi Grand Prix,807.0,8.0,6.0,12.5,-4.5
25.0,213,1120,2023,Abu Dhabi Grand Prix,817.0,15.0,10.0,10.5,4.5
25.0,213,1120,2023,Abu Dhabi Grand Prix,852.0,6.0,13.0,10.5,-4.5
28.0,3,1120,2023,Abu Dhabi Grand Prix,858.0,20.0,5.0,17.0,3.0
28.0,3,1120,2023,Abu Dhabi Grand Prix,848.0,14.0,7.0,17.0,-3.0
120.0,214,1120,2023,Abu Dhabi Grand Prix,842.0,10.0,8.0,11.0,-1.0
302.0,1,1120,2023,Abu Dhabi Grand Prix,846.0,5.0,16.0,4.0,1.0
16.0,51,1120,2023,Abu Dhabi Grand Prix,822.0,18.0,2.0,18.5,-0.5
409.0,131,1120,2023,Abu Dhabi Grand Prix,1.0,11.0,12.0,7.5,3.5
860.0,9,1120,2023,Abu Dhabi Grand Prix,830.0,1.0,20.0,5.0,-4.0
860.0,9,1120,2023,Abu Dhabi Grand Prix,815.0,9.0,17.0,5.0,4.0
280.0,117,1120,2023,Abu Dhabi Grand Prix,4.0,7.0,14.0,10.0,-3.0
16.0,51,1120,2023,Abu Dhabi Grand Prix,855.0,19.0,4.0,18.5,0.5
406.0,6,1120,2023,Abu Dhabi Grand Prix,844.0,2.0,19.0,9.0,-7.0
406.0,6,1120,2023,Abu Dhabi Grand Prix,832.0,16.0,3.0,9.0,7.0
409.0,131,1120,2023,Abu Dhabi Grand Prix,847.0,4.0,18.0,7.5,-3.5
280.0,117,1120,2023,Abu Dhabi Grand Prix,840.0,13.0,11.0,10.0,3.0
0.0,15,1121,2024,Bahrain Grand Prix,822.0,16.0,2.0,16.5,-0.5
0.0,214,1121,2024,Bahrain Grand Prix,839.0,19.0,4.0,19.5,-0.5
0.0,3,1121,2024,Bahrain Grand Prix,858.0,18.0,1.0,15.5,2.5
0.0,3,1121,2024,Bahrain Grand Prix,848.0,13.0,6.0,15.5,-2.5
0.0,215,1121,2024,Bahrain Grand Prix,852.0,11.0,7.0,12.5,-1.5
0.0,215,1121,2024,Bahrain Grand Prix,817.0,14.0,8.0,12.5,1.5
0.0,210,1121,2024,Bahrain Grand Prix,807.0,10.0,5.0,12.5,-2.5
0.0,210,1121,2024,Bahrain Grand Prix,825.0,15.0,9.0,12.5,2.5
0.0,15,1121,2024,Bahrain Grand Prix,855.0,17.0,10.0,16.5,0.5
0.0,214,1121,2024,Bahrain Grand Prix,842.0,20.0,3.0,19.5,0.5
3.0,117,1121,2024,Bahrain Grand Prix,4.0,6.0,12.0,9.0,-3.0
44.0,9,1121,2024,Bahrain Grand Prix,830.0,1.0,20.0,3.0,-2.0
44.0,9,1121,2024,Bahrain Grand Prix,815.0,5.0,19.0,3.0,2.0
27.0,6,1121,2024,Bahrain Grand Prix,832.0,4.0,18.0,3.0,1.0
27.0,6,1121,2024,Bahrain Grand Prix,844.0,2.0,17.0,3.0,-1.0
3.0,117,1121,2024,Bahrain Grand Prix,840.0,12.0,11.0,9.0,3.0
16.0,131,1121,2024,Bahrain Grand Prix,1.0,9.0,14.0,6.0,3.0
12.0,1,1121,2024,Bahrain Grand Prix,846.0,7.0,15.0,7.5,-0.5
12.0,1,1121,2024,Bahrain Grand Prix,857.0,8.0,13.0,7.5,0.5
16.0,131,1121,2024,Bahrain Grand Prix,847.0,3.0,16.0,6.0,-3.0
0.0,15,1122,2024,Saudi Arabian Grand Prix,822.0,16.0,4.0,18.0,-2.0
0.0,214,1122,2024,Saudi Arabian Grand Prix,839.0,17.0,8.0,17.5,-0.5
0.0,3,1122,2024,Saudi Arabian Grand Prix,858.0,19.0,7.0,15.5,3.5
0.0,3,1122,2024,Saudi Arabian Grand Prix,848.0,12.0,10.0,15.5,-3.5
0.0,215,1122,2024,Saudi Arabian Grand Prix,817.0,14.0,5.0,11.5,2.5
0.0,215,1122,2024,Saudi Arabian Grand Prix,852.0,9.0,6.0,11.5,-2.5
1.0,210,1122,2024,Saudi Arabian Grand Prix,825.0,13.0,9.0,14.0,-1.0
1.0,210,1122,2024,Saudi Arabian Grand Prix,807.0,15.0,11.0,14.0,1.0
0.0,15,1122,2024,Saudi Arabian Grand Prix,855.0,20.0,3.0,18.0,2.0
0.0,214,1122,2024,Saudi Arabian Grand Prix,842.0,18.0,1.0,17.5,0.5
13.0,117,1122,2024,Saudi Arabian Grand Prix,840.0,10.0,2.0,7.0,3.0
28.0,1,1122,2024,Saudi Arabian Grand Prix,846.0,6.0,13.0,5.5,0.5
28.0,1,1122,2024,Saudi Arabian Grand Prix,857.0,5.0,17.0,5.5,-0.5
26.0,131,1122,2024,Saudi Arabian Grand Prix,1.0,8.0,12.0,7.5,0.5
26.0,131,1122,2024,Saudi Arabian Grand Prix,847.0,7.0,15.0,7.5,-0.5
49.0,6,1122,2024,Saudi Arabian Grand Prix,860.0,11.0,14.0,6.5,4.5
49.0,6,1122,2024,Saudi Arabian Grand Prix,844.0,2.0,18.0,6.5,-4.5
87.0,9,1122,2024,Saudi Arabian Grand Prix,815.0,3.0,19.0,2.0,1.0
87.0,9,1122,2024,Saudi Arabian Grand Prix,830.0,1.0,20.0,2.0,-1.0
13.0,117,1122,2024,Saudi Arabian Grand Prix,4.0,4.0,16.0,7.0,-3.0
26.0,131,1123,2024,Australian Grand Prix,1.0,11.0,3.0,9.0,2.0
0.0,3,1123,2024,Australian Grand Prix,848.0,12.0,10.0,12.0,0.0
4.0,210,1123,2024,Australian Grand Prix,807.0,16.0,12.0,15.0,1.0
26.0,131,1123,2024,Australian Grand Prix,847.0,7.0,4.0,9.0,-2.0
93.0,6,1123,2024,Australian Grand Prix,832.0,2.0,20.0,3.0,-1.0
93.0,6,1123,2024,Australian Grand Prix,844.0,4.0,19.0,3.0,1.0
97.0,9,1123,2024,Australian Grand Prix,815.0,6.0,16.0,3.5,2.5
97.0,9,1123,2024,Australian Grand Prix,830.0,1.0,2.0,3.5,-2.5
55.0,1,1123,2024,Australian Grand Prix,857.0,5.0,17.0,4.0,1.0
4.0,210,1123,2024,Australian Grand Prix,825.0,14.0,11.0,15.0,-1.0
25.0,117,1123,2024,Australian Grand Prix,4.0,10.0,13.0,9.5,0.5
0.0,214,1123,2024,Australian Grand Prix,842.0,17.0,8.0,16.0,1.0
0.0,214,1123,2024,Australian Grand Prix,839.0,15.0,5.0,16.0,-1.0
6.0,215,1123,2024,Australian Grand Prix,852.0,8.0,14.0,13.0,-5.0
55.0,1,1123,2024,Australian Grand Prix,846.0,3.0,18.0,4.0,-1.0
0.0,15,1123,2024,Australian Grand Prix,822.0,13.0,7.0,16.0,-3.0
0.0,15,1123,2024,Australian Grand Prix,855.0,19.0,6.0,16.0,3.0
25.0,117,1123,2024,Australian Grand Prix,840.0,9.0,15.0,9.5,-0.5
6.0,215,1123,2024,Australian Grand Prix,817.0,18.0,9.0,13.0,5.0
0.0,15,1124,2024,Japanese Grand Prix,855.0,20.0,3.0,16.5,3.5
0.0,214,1124,2024,Japanese Grand Prix,839.0,15.0,6.0,16.0,-1.0
0.0,3,1124,2024,Japanese Grand Prix,848.0,14.0,1.0,16.5,-2.5
0.0,3,1124,2024,Japanese Grand Prix,858.0,19.0,4.0,16.5,2.5
7.0,215,1124,2024,Japanese Grand Prix,817.0,11.0,2.0,10.5,0.5
7.0,215,1124,2024,Japanese Grand Prix,852.0,10.0,11.0,10.5,-0.5
4.0,210,1124,2024,Japanese Grand Prix,825.0,18.0,8.0,15.0,3.0
4.0,210,1124,2024,Japanese Grand Prix,807.0,12.0,10.0,15.0,-3.0
0.0,15,1124,2024,Japanese Grand Prix,822.0,13.0,7.0,16.5,-3.5
0.0,214,1124,2024,Japanese Grand Prix,842.0,17.0,5.0,16.0,1.0
33.0,117,1124,2024,Japanese Grand Prix,4.0,5.0,15.0,10.5,-5.5
69.0,1,1124,2024,Japanese Grand Prix,857.0,6.0,13.0,4.5,1.5
69.0,1,1124,2024,Japanese Grand Prix,846.0,3.0,16.0,4.5,-1.5
34.0,131,1124,2024,Japanese Grand Prix,1.0,7.0,12.0,8.0,-1.0
34.0,131,1124,2024,Japanese Grand Prix,847.0,9.0,14.0,8.0,1.0
120.0,6,1124,2024,Japanese Grand Prix,844.0,8.0,17.0,6.0,2.0
120.0,6,1124,2024,Japanese Grand Prix,832.0,4.0,18.0,6.0,-2.0
141.0,9,1124,2024,Japanese Grand Prix,815.0,2.0,19.0,1.5,0.5
141.0,9,1124,2024,Japanese Grand Prix,830.0,1.0,20.0,1.5,-0.5
33.0,117,1124,2024,Japanese Grand Prix,840.0,16.0,9.0,10.5,5.5
151.0,6,1125,2024,Chinese Grand Prix,844.0,6.0,17.0,6.5,-0.5
151.0,6,1125,2024,Chinese Grand Prix,832.0,7.0,16.0,6.5,0.5
0.0,3,1125,2024,Chinese Grand Prix,848.0,14.0,9.0,17.0,-3.0
0.0,3,1125,2024,Chinese Grand Prix,858.0,20.0,4.0,17.0,3.0
195.0,9,1125,2024,Chinese Grand Prix,830.0,1.0,20.0,1.5,-0.5
96.0,1,1125,2024,Chinese Grand Prix,857.0,5.0,13.0,4.5,0.5
52.0,131,1125,2024,Chinese Grand Prix,847.0,8.0,15.0,13.0,-5.0
52.0,131,1125,2024,Chinese Grand Prix,1.0,18.0,12.0,13.0,5.0
40.0,117,1125,2024,Chinese Grand Prix,840.0,11.0,6.0,7.0,4.0
195.0,9,1125,2024,Chinese Grand Prix,815.0,2.0,18.0,1.5,0.5
96.0,1,1125,2024,Chinese Grand Prix,846.0,4.0,19.0,4.5,-0.5
40.0,117,1125,2024,Chinese Grand Prix,4.0,3.0,14.0,7.0,-4.0
5.0,210,1125,2024,Chinese Grand Prix,825.0,17.0,5.0,13.0,4.0
0.0,15,1125,2024,Chinese Grand Prix,855.0,16.0,7.0,13.0,3.0
5.0,210,1125,2024,Chinese Grand Prix,807.0,9.0,11.0,13.0,-4.0
7.0,215,1125,2024,Chinese Grand Prix,852.0,19.0,2.0,15.5,3.5
7.0,215,1125,2024,Chinese Grand Prix,817.0,12.0,3.0,15.5,-3.5
0.0,214,1125,2024,Chinese Grand Prix,842.0,15.0,8.0,14.0,1.0
0.0,214,1125,2024,Chinese Grand Prix,839.0,13.0,10.0,14.0,-1.0
0.0,15,1125,2024,Chinese Grand Prix,822.0,10.0,1.0,13.0,-3.0
0.0,3,1126,2024,Miami Grand Prix,848.0,14.0,3.0,15.5,-1.5
0.0,3,1126,2024,Miami Grand Prix,858.0,17.0,1.0,15.5,1.5
1.0,214,1126,2024,Miami Grand Prix,839.0,13.0,11.0,12.5,0.5
1.0,214,1126,2024,Miami Grand Prix,842.0,12.0,9.0,12.5,-0.5
7.0,210,1126,2024,Miami Grand Prix,807.0,9.0,10.0,13.5,-4.5
19.0,215,1126,2024,Miami Grand Prix,817.0,20.0,6.0,15.0,5.0
19.0,215,1126,2024,Miami Grand Prix,852.0,10.0,14.0,15.0,-5.0
7.0,210,1126,2024,Miami Grand Prix,825.0,18.0,2.0,13.5,4.5
0.0,15,1126,2024,Miami Grand Prix,822.0,16.0,5.0,17.5,-1.5
0.0,15,1126,2024,Miami Grand Prix,855.0,19.0,7.0,17.5,1.5
187.0,6,1126,2024,Miami Grand Prix,844.0,2.0,18.0,2.5,-0.5
42.0,117,1126,2024,Miami Grand Prix,4.0,15.0,12.0,13.0,2.0
124.0,1,1126,2024,Miami Grand Prix,857.0,6.0,8.0,5.5,0.5
124.0,1,1126,2024,Miami Grand Prix,846.0,5.0,20.0,5.5,-0.5
64.0,131,1126,2024,Miami Grand Prix,847.0,7.0,13.0,7.5,-0.5
64.0,131,1126,2024,Miami Grand Prix,1.0,8.0,15.0,7.5,0.5
239.0,9,1126,2024,Miami Grand Prix,815.0,4.0,17.0,2.5,1.5
239.0,9,1126,2024,Miami Grand Prix,830.0,1.0,19.0,2.5,-1.5
187.0,6,1126,2024,Miami Grand Prix,832.0,3.0,16.0,2.5,0.5
42.0,117,1126,2024,Miami Grand Prix,840.0,11.0,4.0,13.0,-2.0
7.0,210,1127,2024,Emilia Romagna Grand Prix,807.0,10.0,10.0,14.0,-4.0
7.0,210,1127,2024,Emilia Romagna Grand Prix,825.0,18.0,9.0,14.0,4.0
20.0,215,1127,2024,Emilia Romagna Grand Prix,852.0,7.0,11.0,8.0,-1.0
1.0,214,1127,2024,Emilia Romagna Grand Prix,842.0,15.0,5.0,13.5,1.5
0.0,3,1127,2024,Emilia Romagna Grand Prix,848.0,14.0,1.0,16.5,-2.5
1.0,214,1127,2024,Emilia Romagna Grand Prix,839.0,12.0,7.0,13.5,-1.5
0.0,15,1127,2024,Emilia Romagna Grand Prix,822.0,16.0,3.0,16.5,-0.5
20.0,215,1127,2024,Emilia Romagna Grand Prix,817.0,9.0,8.0,8.0,1.0
0.0,15,1127,2024,Emilia Romagna Grand Prix,855.0,17.0,6.0,16.5,0.5
0.0,3,1127,2024,Emilia Romagna Grand Prix,858.0,19.0,4.0,16.5,2.5
44.0,117,1127,2024,Emilia Romagna Grand Prix,840.0,13.0,12.0,16.5,-3.5
44.0,117,1127,2024,Emilia Romagna Grand Prix,4.0,20.0,2.0,16.5,3.5
268.0,9,1127,2024,Emilia Romagna Grand Prix,815.0,11.0,13.0,6.0,5.0
212.0,6,1127,2024,Emilia Romagna Grand Prix,844.0,3.0,18.0,3.5,-0.5
212.0,6,1127,2024,Emilia Romagna Grand Prix,832.0,4.0,16.0,3.5,0.5
268.0,9,1127,2024,Emilia Romagna Grand Prix,830.0,1.0,20.0,6.0,-5.0
79.0,131,1127,2024,Emilia Romagna Grand Prix,847.0,6.0,14.0,7.0,-1.0
154.0,1,1127,2024,Emilia Romagna Grand Prix,846.0,2.0,19.0,3.5,-1.5
154.0,1,1127,2024,Emilia Romagna Grand Prix,857.0,5.0,17.0,3.5,1.5
79.0,131,1127,2024,Emilia Romagna Grand Prix,1.0,8.0,15.0,7.0,1.0
2.0,214,1128,2024,Monaco Grand Prix,839.0,11.0,4.0,10.5,0.5
0.0,15,1128,2024,Monaco Grand Prix,855.0,18.0,5.0,17.5,0.5
2.0,214,1128,2024,Monaco Grand Prix,842.0,10.0,11.0,10.5,-0.5
2.0,3,1128,2024,Monaco Grand Prix,858.0,15.0,6.0,12.0,3.0
2.0,3,1128,2024,Monaco Grand Prix,848.0,9.0,12.0,12.0,-3.0
24.0,215,1128,2024,Monaco Grand Prix,817.0,12.0,9.0,10.0,2.0
24.0,215,1128,2024,Monaco Grand Prix,852.0,8.0,13.0,10.0,-2.0
7.0,210,1128,2024,Monaco Grand Prix,825.0,20.0,1.0,19.5,0.5
7.0,210,1128,2024,Monaco Grand Prix,807.0,19.0,2.0,19.5,-0.5
0.0,15,1128,2024,Monaco Grand Prix,822.0,17.0,8.0,17.5,-0.5
184.0,1,1128,2024,Monaco Grand Prix,857.0,2.0,19.0,3.0,-1.0
44.0,117,1128,2024,Monaco Grand Prix,4.0,14.0,10.0,13.5,0.5
184.0,1,1128,2024,Monaco Grand Prix,846.0,4.0,17.0,3.0,1.0
96.0,131,1128,2024,Monaco Grand Prix,1.0,7.0,14.0,6.0,1.0
96.0,131,1128,2024,Monaco Grand Prix,847.0,5.0,16.0,6.0,-1.0
252.0,6,1128,2024,Monaco Grand Prix,832.0,3.0,18.0,2.0,1.0
252.0,6,1128,2024,Monaco Grand Prix,844.0,1.0,20.0,2.0,-1.0
276.0,9,1128,2024,Monaco Grand Prix,815.0,16.0,3.0,11.0,5.0
276.0,9,1128,2024,Monaco Grand Prix,830.0,6.0,15.0,11.0,-5.0
44.0,117,1128,2024,Monaco Grand Prix,840.0,13.0,7.0,13.5,-0.5
28.0,215,1129,2024,Canadian Grand Prix,817.0,5.0,13.0,6.5,-1.5
7.0,210,1129,2024,Canadian Grand Prix,807.0,17.0,10.0,15.5,1.5
7.0,210,1129,2024,Canadian Grand Prix,825.0,14.0,9.0,15.5,-1.5
28.0,215,1129,2024,Canadian Grand Prix,852.0,8.0,7.0,6.5,1.5
0.0,15,1129,2024,Canadian Grand Prix,855.0,20.0,6.0,0.0,0.0
2.0,3,1129,2024,Canadian Grand Prix,858.0,13.0,1.0,11.5,1.5
5.0,214,1129,2024,Canadian Grand Prix,842.0,15.0,12.0,16.5,-1.5
5.0,214,1129,2024,Canadian Grand Prix,839.0,18.0,11.0,16.5,1.5
2.0,3,1129,2024,Canadian Grand Prix,848.0,10.0,4.0,11.5,-1.5
0.0,15,1129,2024,Canadian Grand Prix,822.0,20.0,8.0,0.0,0.0
301.0,9,1129,2024,Canadian Grand Prix,830.0,2.0,20.0,9.0,-7.0
58.0,117,1129,2024,Canadian Grand Prix,4.0,6.0,15.0,7.5,-1.5
301.0,9,1129,2024,Canadian Grand Prix,815.0,16.0,3.0,9.0,7.0
252.0,6,1129,2024,Canadian Grand Prix,832.0,12.0,5.0,11.5,0.5
252.0,6,1129,2024,Canadian Grand Prix,844.0,11.0,2.0,11.5,-0.5
58.0,117,1129,2024,Canadian Grand Prix,840.0,9.0,14.0,7.5,1.5
124.0,131,1129,2024,Canadian Grand Prix,1.0,7.0,17.0,4.0,3.0
212.0,1,1129,2024,Canadian Grand Prix,846.0,3.0,19.0,3.5,-0.5
212.0,1,1129,2024,Canadian Grand Prix,857.0,4.0,16.0,3.5,0.5
124.0,131,1129,2024,Canadian Grand Prix,847.0,1.0,18.0,4.0,-3.0
7.0,210,1130,2024,Spanish Grand Prix,807.0,13.0,10.0,14.5,-1.5
8.0,214,1130,2024,Spanish Grand Prix,839.0,8.0,11.0,7.5,0.5
8.0,214,1130,2024,Spanish Grand Prix,842.0,7.0,12.0,7.5,-0.5
2.0,3,1130,2024,Spanish Grand Prix,858.0,19.0,1.0,9.5,9.5
2.0,3,1130,2024,Spanish Grand Prix,848.0,20.0,3.0,9.5,-9.5
28.0,215,1130,2024,Spanish Grand Prix,852.0,17.0,2.0,17.5,-0.5
28.0,215,1130,2024,Spanish Grand Prix,817.0,18.0,6.0,17.5,0.5
7.0,210,1130,2024,Spanish Grand Prix,825.0,16.0,4.0,14.5,1.5
0.0,15,1130,2024,Spanish Grand Prix,822.0,12.0,5.0,13.5,-1.5
0.0,15,1130,2024,Spanish Grand Prix,855.0,15.0,8.0,13.5,1.5
330.0,9,1130,2024,Spanish Grand Prix,830.0,2.0,20.0,6.5,-4.5
58.0,117,1130,2024,Spanish Grand Prix,4.0,10.0,9.0,12.0,-2.0
237.0,1,1130,2024,Spanish Grand Prix,857.0,9.0,14.0,5.0,4.0
237.0,1,1130,2024,Spanish Grand Prix,846.0,1.0,19.0,5.0,-4.0
151.0,131,1130,2024,Spanish Grand Prix,847.0,4.0,17.0,3.5,0.5
151.0,131,1130,2024,Spanish Grand Prix,1.0,3.0,18.0,3.5,-0.5
270.0,6,1130,2024,Spanish Grand Prix,832.0,6.0,15.0,5.5,0.5
270.0,6,1130,2024,Spanish Grand Prix,844.0,5.0,16.0,5.5,-0.5
330.0,9,1130,2024,Spanish Grand Prix,815.0,11.0,13.0,6.5,4.5
58.0,117,1130,2024,Spanish Grand Prix,840.0,14.0,7.0,12.0,2.0
19.0,210,1131,2024,Austrian Grand Prix,807.0,9.0,15.0,10.5,-1.5
19.0,210,1131,2024,Austrian Grand Prix,825.0,12.0,13.0,10.5,1.5
30.0,215,1131,2024,Austrian Grand Prix,817.0,11.0,12.0,12.5,-1.5
30.0,215,1131,2024,Austrian Grand Prix,852.0,14.0,7.0,12.5,1.5
0.0,15,1131,2024,Austrian Grand Prix,855.0,20.0,4.0,19.0,1.0
2.0,3,1131,2024,Austrian Grand Prix,858.0,19.0,2.0,17.5,1.5
9.0,214,1131,2024,Austrian Grand Prix,842.0,13.0,11.0,11.5,1.5
9.0,214,1131,2024,Austrian Grand Prix,839.0,10.0,9.0,11.5,-1.5
2.0,3,1131,2024,Austrian Grand Prix,848.0,16.0,6.0,17.5,-1.5
0.0,15,1131,2024,Austrian Grand Prix,822.0,18.0,5.0,19.0,-1.0
355.0,9,1131,2024,Austrian Grand Prix,830.0,1.0,16.0,4.5,-3.5
58.0,117,1131,2024,Austrian Grand Prix,840.0,17.0,8.0,16.0,1.0
268.0,1,1131,2024,Austrian Grand Prix,846.0,2.0,1.0,4.5,-2.5
268.0,1,1131,2024,Austrian Grand Prix,857.0,7.0,19.0,4.5,2.5
196.0,131,1131,2024,Austrian Grand Prix,1.0,5.0,17.0,4.0,1.0
196.0,131,1131,2024,Austrian Grand Prix,847.0,3.0,20.0,4.0,-1.0
291.0,6,1131,2024,Austrian Grand Prix,844.0,6.0,10.0,5.0,1.0
291.0,6,1131,2024,Austrian Grand Prix,832.0,4.0,18.0,5.0,-1.0
355.0,9,1131,2024,Austrian Grand Prix,815.0,8.0,14.0,4.5,3.5
58.0,117,1131,2024,Austrian Grand Prix,4.0,15.0,3.0,16.0,-1.0
27.0,210,1132,2024,British Grand Prix,807.0,6.0,15.0,11.5,-5.5
27.0,210,1132,2024,British Grand Prix,825.0,17.0,9.0,11.5,5.5
31.0,215,1132,2024,British Grand Prix,852.0,13.0,11.0,14.0,-1.0
31.0,215,1132,2024,British Grand Prix,817.0,15.0,8.0,14.0,1.0
9.0,214,1132,2024,British Grand Prix,842.0,19.0,1.0,18.5,0.5
4.0,3,1132,2024,British Grand Prix,858.0,12.0,10.0,10.5,1.5
9.0,214,1132,2024,British Grand Prix,839.0,18.0,5.0,18.5,-0.5
0.0,15,1132,2024,British Grand Prix,855.0,14.0,3.0,15.0,-1.0
4.0,3,1132,2024,British Grand Prix,848.0,9.0,12.0,10.5,-1.5
0.0,15,1132,2024,British Grand Prix,822.0,16.0,6.0,15.0,1.0
373.0,9,1132,2024,British Grand Prix,830.0,4.0,19.0,2.0,2.0
68.0,117,1132,2024,British Grand Prix,840.0,8.0,14.0,9.0,-1.0
373.0,9,1132,2024,British Grand Prix,815.0,20.0,4.0,2.0,-2.0
302.0,6,1132,2024,British Grand Prix,832.0,7.0,16.0,9.0,-2.0
302.0,6,1132,2024,British Grand Prix,844.0,11.0,7.0,9.0,2.0
68.0,117,1132,2024,British Grand Prix,4.0,10.0,13.0,9.0,1.0
221.0,131,1132,2024,British Grand Prix,847.0,1.0,2.0,1.5,-0.5
295.0,1,1132,2024,British Grand Prix,846.0,3.0,18.0,4.0,-1.0
295.0,1,1132,2024,British Grand Prix,857.0,5.0,17.0,4.0,1.0
221.0,131,1132,2024,British Grand Prix,1.0,2.0,20.0,1.5,0.5
0.0,15,1133,2024,Hungarian Grand Prix,855.0,18.0,2.0,15.0,3.0
9.0,214,1133,2024,Hungarian Grand Prix,839.0,19.0,3.0,9.5,9.5
4.0,3,1133,2024,Hungarian Grand Prix,858.0,14.0,4.0,13.5,0.5
4.0,3,1133,2024,Hungarian Grand Prix,848.0,13.0,7.0,13.5,-0.5
33.0,215,1133,2024,Hungarian Grand Prix,817.0,9.0,9.0,9.5,-0.5
33.0,215,1133,2024,Hungarian Grand Prix,852.0,10.0,12.0,9.5,0.5
27.0,210,1133,2024,Hungarian Grand Prix,825.0,15.0,6.0,13.0,2.0
27.0,210,1133,2024,Hungarian Grand Prix,807.0,11.0,8.0,13.0,-2.0
9.0,214,1133,2024,Hungarian Grand Prix,842.0,20.0,1.0,9.5,-9.5
0.0,15,1133,2024,Hungarian Grand Prix,822.0,12.0,5.0,15.0,-3.0
69.0,117,1133,2024,Hungarian Grand Prix,840.0,8.0,11.0,7.5,0.5
338.0,1,1133,2024,Hungarian Grand Prix,846.0,1.0,19.0,1.5,-0.5
338.0,1,1133,2024,Hungarian Grand Prix,857.0,2.0,20.0,1.5,0.5
241.0,131,1133,2024,Hungarian Grand Prix,847.0,17.0,13.0,11.0,6.0
241.0,131,1133,2024,Hungarian Grand Prix,1.0,5.0,18.0,11.0,-6.0
322.0,6,1133,2024,Hungarian Grand Prix,832.0,4.0,15.0,5.0,-1.0
322.0,6,1133,2024,Hungarian Grand Prix,844.0,6.0,17.0,5.0,1.0
389.0,9,1133,2024,Hungarian Grand Prix,815.0,16.0,14.0,9.5,6.5
389.0,9,1133,2024,Hungarian Grand Prix,830.0,3.0,16.0,9.5,-6.5
69.0,117,1133,2024,Hungarian Grand Prix,4.0,7.0,10.0,7.5,-0.5
345.0,6,1134,2024,Belgian Grand Prix,844.0,1.0,18.0,4.0,-3.0
345.0,6,1134,2024,Belgian Grand Prix,832.0,7.0,15.0,4.0,3.0
408.0,9,1134,2024,Belgian Grand Prix,815.0,2.0,14.0,6.5,-4.5
4.0,3,1134,2024,Belgian Grand Prix,848.0,10.0,9.0,14.0,-4.0
266.0,131,1134,2024,Belgian Grand Prix,847.0,6.0,1.0,4.5,1.5
366.0,1,1134,2024,Belgian Grand Prix,857.0,5.0,19.0,4.5,0.5
366.0,1,1134,2024,Belgian Grand Prix,846.0,4.0,16.0,4.5,-0.5
408.0,9,1134,2024,Belgian Grand Prix,830.0,11.0,17.0,6.5,4.5
4.0,3,1134,2024,Belgian Grand Prix,858.0,18.0,4.0,14.0,4.0
266.0,131,1134,2024,Belgian Grand Prix,1.0,3.0,20.0,4.5,-1.5
27.0,210,1134,2024,Belgian Grand Prix,807.0,16.0,3.0,16.5,-0.5
73.0,117,1134,2024,Belgian Grand Prix,4.0,8.0,13.0,11.5,-3.5
0.0,15,1134,2024,Belgian Grand Prix,855.0,19.0,2.0,16.5,2.5
0.0,15,1134,2024,Belgian Grand Prix,822.0,14.0,6.0,16.5,-2.5
27.0,210,1134,2024,Belgian Grand Prix,825.0,17.0,7.0,16.5,0.5
34.0,215,1134,2024,Belgian Grand Prix,852.0,20.0,5.0,16.5,3.5
34.0,215,1134,2024,Belgian Grand Prix,817.0,13.0,11.0,16.5,-3.5
11.0,214,1134,2024,Belgian Grand Prix,842.0,12.0,8.0,10.5,1.5
11.0,214,1134,2024,Belgian Grand Prix,839.0,9.0,12.0,10.5,-1.5
73.0,117,1134,2024,Belgian Grand Prix,840.0,15.0,10.0,11.5,3.5
27.0,210,1135,2024,Dutch Grand Prix,807.0,12.0,10.0,6.0,6.0
27.0,210,1135,2024,Dutch Grand Prix,825.0,20.0,3.0,6.0,-6.0
34.0,215,1135,2024,Dutch Grand Prix,817.0,13.0,9.0,12.0,1.0
34.0,215,1135,2024,Dutch Grand Prix,852.0,11.0,4.0,12.0,-1.0
13.0,214,1135,2024,Dutch Grand Prix,839.0,15.0,6.0,12.0,3.0
4.0,3,1135,2024,Dutch Grand Prix,858.0,18.0,5.0,18.5,-0.5
13.0,214,1135,2024,Dutch Grand Prix,842.0,9.0,12.0,12.0,-3.0
0.0,15,1135,2024,Dutch Grand Prix,855.0,17.0,1.0,16.5,0.5
4.0,3,1135,2024,Dutch Grand Prix,848.0,19.0,7.0,18.5,0.5
0.0,15,1135,2024,Dutch Grand Prix,822.0,16.0,2.0,16.5,-0.5
74.0,117,1135,2024,Dutch Grand Prix,840.0,8.0,8.0,7.5,0.5
74.0,117,1135,2024,Dutch Grand Prix,4.0,7.0,11.0,7.5,-0.5
434.0,9,1135,2024,Dutch Grand Prix,815.0,5.0,15.0,3.5,1.5
370.0,6,1135,2024,Dutch Grand Prix,844.0,6.0,18.0,8.0,-2.0
370.0,6,1135,2024,Dutch Grand Prix,832.0,10.0,16.0,8.0,2.0
434.0,9,1135,2024,Dutch Grand Prix,830.0,2.0,19.0,3.5,-1.5
276.0,131,1135,2024,Dutch Grand Prix,1.0,14.0,13.0,9.0,5.0
404.0,1,1135,2024,Dutch Grand Prix,846.0,1.0,20.0,2.0,-1.0
404.0,1,1135,2024,Dutch Grand Prix,857.0,3.0,17.0,2.0,1.0
276.0,131,1135,2024,Dutch Grand Prix,847.0,4.0,14.0,9.0,-5.0
0.0,15,1136,2024,Italian Grand Prix,855.0,20.0,3.0,19.5,0.5
13.0,214,1136,2024,Italian Grand Prix,839.0,15.0,7.0,14.5,0.5
6.0,3,1136,2024,Italian Grand Prix,861.0,18.0,9.0,13.5,4.5
6.0,3,1136,2024,Italian Grand Prix,848.0,9.0,12.0,13.5,-4.5
34.0,215,1136,2024,Italian Grand Prix,852.0,16.0,1.0,14.0,2.0
34.0,215,1136,2024,Italian Grand Prix,817.0,12.0,8.0,14.0,-2.0
28.0,210,1136,2024,Italian Grand Prix,807.0,10.0,4.0,11.5,-1.5
28.0,210,1136,2024,Italian Grand Prix,825.0,13.0,11.0,11.5,1.5
0.0,15,1136,2024,Italian Grand Prix,822.0,19.0,5.0,19.5,-0.5
13.0,214,1136,2024,Italian Grand Prix,842.0,14.0,6.0,14.5,-0.5
74.0,117,1136,2024,Italian Grand Prix,4.0,11.0,10.0,14.0,-3.0
446.0,9,1136,2024,Italian Grand Prix,830.0,7.0,15.0,7.5,-0.5
446.0,9,1136,2024,Italian Grand Prix,815.0,8.0,13.0,7.5,0.5
407.0,6,1136,2024,Italian Grand Prix,844.0,4.0,20.0,4.5,-0.5
407.0,6,1136,2024,Italian Grand Prix,832.0,5.0,17.0,4.5,0.5
74.0,117,1136,2024,Italian Grand Prix,840.0,17.0,2.0,14.0,3.0
292.0,131,1136,2024,Italian Grand Prix,847.0,3.0,14.0,4.5,-1.5
438.0,1,1136,2024,Italian Grand Prix,857.0,2.0,19.0,1.5,0.5
438.0,1,1136,2024,Italian Grand Prix,846.0,1.0,18.0,1.5,-0.5
292.0,131,1136,2024,Italian Grand Prix,1.0,6.0,16.0,4.5,1.5
0.0,15,1137,2024,Azerbaijan Grand Prix,822.0,16.0,5.0,16.5,-0.5
13.0,214,1137,2024,Azerbaijan Grand Prix,842.0,18.0,9.0,9.0,9.0
16.0,3,1137,2024,Azerbaijan Grand Prix,861.0,8.0,13.0,8.5,-0.5
16.0,3,1137,2024,Azerbaijan Grand Prix,848.0,9.0,14.0,8.5,0.5
34.0,215,1137,2024,Azerbaijan Grand Prix,852.0,11.0,1.0,12.5,-1.5
34.0,215,1137,2024,Azerbaijan Grand Prix,817.0,14.0,8.0,12.5,1.5
29.0,210,1137,2024,Azerbaijan Grand Prix,807.0,12.0,10.0,11.0,1.0
29.0,210,1137,2024,Azerbaijan Grand Prix,860.0,10.0,11.0,11.0,-1.0
0.0,15,1137,2024,Azerbaijan Grand Prix,855.0,17.0,7.0,16.5,0.5
13.0,214,1137,2024,Azerbaijan Grand Prix,839.0,20.0,6.0,9.0,-9.0
82.0,117,1137,2024,Azerbaijan Grand Prix,4.0,7.0,15.0,10.0,-3.0
456.0,9,1137,2024,Azerbaijan Grand Prix,830.0,6.0,16.0,5.0,1.0
456.0,9,1137,2024,Azerbaijan Grand Prix,815.0,4.0,4.0,5.0,-1.0
425.0,6,1137,2024,Azerbaijan Grand Prix,844.0,1.0,19.0,2.0,-1.0
425.0,6,1137,2024,Azerbaijan Grand Prix,832.0,3.0,3.0,2.0,1.0
82.0,117,1137,2024,Azerbaijan Grand Prix,840.0,13.0,2.0,10.0,3.0
309.0,131,1137,2024,Azerbaijan Grand Prix,1.0,20.0,12.0,2.5,-2.5
476.0,1,1137,2024,Azerbaijan Grand Prix,857.0,2.0,20.0,8.5,-6.5
476.0,1,1137,2024,Azerbaijan Grand Prix,846.0,15.0,17.0,8.5,6.5
309.0,131,1137,2024,Azerbaijan Grand Prix,847.0,5.0,18.0,2.5,2.5
0.0,15,1138,2024,Singapore Grand Prix,855.0,20.0,6.0,19.5,0.5
13.0,214,1138,2024,Singapore Grand Prix,839.0,15.0,8.0,16.5,-1.5
16.0,3,1138,2024,Singapore Grand Prix,848.0,11.0,1.0,11.5,-0.5
16.0,3,1138,2024,Singapore Grand Prix,861.0,12.0,10.0,11.5,0.5
34.0,215,1138,2024,Singapore Grand Prix,817.0,16.0,3.0,12.0,4.0
34.0,215,1138,2024,Singapore Grand Prix,852.0,8.0,9.0,12.0,-4.0
31.0,210,1138,2024,Singapore Grand Prix,825.0,14.0,2.0,10.0,4.0
31.0,210,1138,2024,Singapore Grand Prix,807.0,6.0,12.0,10.0,-4.0
0.0,15,1138,2024,Singapore Grand Prix,822.0,19.0,5.0,19.5,-0.5
13.0,214,1138,2024,Singapore Grand Prix,842.0,18.0,4.0,16.5,1.5
86.0,117,1138,2024,Singapore Grand Prix,840.0,17.0,7.0,12.0,5.0
516.0,1,1138,2024,Singapore Grand Prix,857.0,5.0,18.0,3.0,2.0
516.0,1,1138,2024,Singapore Grand Prix,846.0,1.0,20.0,3.0,-2.0
329.0,131,1138,2024,Singapore Grand Prix,1.0,3.0,15.0,3.5,-0.5
329.0,131,1138,2024,Singapore Grand Prix,847.0,4.0,17.0,3.5,0.5
441.0,6,1138,2024,Singapore Grand Prix,832.0,10.0,14.0,9.5,0.5
441.0,6,1138,2024,Singapore Grand Prix,844.0,9.0,16.0,9.5,-0.5
475.0,9,1138,2024,Singapore Grand Prix,815.0,13.0,11.0,7.5,5.5
475.0,9,1138,2024,Singapore Grand Prix,830.0,2.0,19.0,7.5,-5.5
86.0,117,1138,2024,Singapore Grand Prix,4.0,7.0,13.0,12.0,-5.0
38.0,210,1139,2024,United States Grand Prix,807.0,11.0,13.0,9.5,1.5
38.0,210,1139,2024,United States Grand Prix,825.0,8.0,10.0,9.5,-1.5
36.0,215,1139,2024,United States Grand Prix,859.0,19.0,12.0,14.5,4.5
0.0,15,1139,2024,United States Grand Prix,855.0,18.0,2.0,17.0,1.0
17.0,3,1139,2024,United States Grand Prix,861.0,15.0,11.0,14.5,0.5
17.0,3,1139,2024,United States Grand Prix,848.0,14.0,5.0,14.5,-0.5
13.0,214,1139,2024,United States Grand Prix,842.0,6.0,9.0,9.0,-3.0
13.0,214,1139,2024,United States Grand Prix,839.0,12.0,3.0,9.0,3.0
0.0,15,1139,2024,United States Grand Prix,822.0,16.0,4.0,17.0,-1.0
36.0,215,1139,2024,United States Grand Prix,852.0,10.0,7.0,14.5,-4.5
86.0,117,1139,2024,United States Grand Prix,4.0,7.0,8.0,10.0,-3.0
504.0,9,1139,2024,United States Grand Prix,830.0,2.0,18.0,5.5,-3.5
504.0,9,1139,2024,United States Grand Prix,815.0,9.0,14.0,5.5,3.5
496.0,6,1139,2024,United States Grand Prix,844.0,4.0,20.0,3.5,0.5
496.0,6,1139,2024,United States Grand Prix,832.0,3.0,19.0,3.5,-0.5
86.0,117,1139,2024,United States Grand Prix,840.0,13.0,6.0,10.0,3.0
344.0,131,1139,2024,United States Grand Prix,1.0,17.0,1.0,18.5,-1.5
544.0,1,1139,2024,United States Grand Prix,846.0,1.0,17.0,3.0,-2.0
544.0,1,1139,2024,United States Grand Prix,857.0,5.0,16.0,3.0,2.0
344.0,131,1139,2024,United States Grand Prix,847.0,20.0,15.0,18.5,1.5
0.0,15,1140,2024,Mexico City Grand Prix,855.0,19.0,6.0,17.0,2.0
14.0,214,1140,2024,Mexico City Grand Prix,842.0,8.0,11.0,4.0,4.0
17.0,3,1140,2024,Mexico City Grand Prix,848.0,9.0,2.0,12.5,-3.5
17.0,3,1140,2024,Mexico City Grand Prix,861.0,16.0,9.0,12.5,3.5
36.0,215,1140,2024,Mexico City Grand Prix,852.0,11.0,1.0,11.5,-0.5
36.0,215,1140,2024,Mexico City Grand Prix,859.0,12.0,5.0,11.5,0.5
46.0,210,1140,2024,Mexico City Grand Prix,807.0,10.0,12.0,8.5,1.5
46.0,210,1140,2024,Mexico City Grand Prix,825.0,7.0,14.0,8.5,-1.5
0.0,15,1140,2024,Mexico City Grand Prix,822.0,15.0,7.0,17.0,-2.0
14.0,214,1140,2024,Mexico City Grand Prix,839.0,20.0,8.0,4.0,-4.0
86.0,117,1140,2024,Mexico City Grand Prix,840.0,14.0,10.0,13.5,0.5
512.0,9,1140,2024,Mexico City Grand Prix,830.0,2.0,15.0,10.0,-8.0
512.0,9,1140,2024,Mexico City Grand Prix,815.0,18.0,4.0,10.0,8.0
537.0,6,1140,2024,Mexico City Grand Prix,832.0,1.0,20.0,2.5,-1.5
537.0,6,1140,2024,Mexico City Grand Prix,844.0,4.0,18.0,2.5,1.5
86.0,117,1140,2024,Mexico City Grand Prix,4.0,13.0,3.0,13.5,-0.5
366.0,131,1140,2024,Mexico City Grand Prix,847.0,5.0,16.0,5.5,-0.5
566.0,1,1140,2024,Mexico City Grand Prix,846.0,3.0,19.0,10.0,-7.0
566.0,1,1140,2024,Mexico City Grand Prix,857.0,17.0,13.0,10.0,7.0
366.0,131,1140,2024,Mexico City Grand Prix,1.0,6.0,17.0,5.5,0.5
0.0,15,1141,2024,São Paulo Grand Prix,822.0,11.0,8.0,15.0,-4.0
49.0,214,1141,2024,São Paulo Grand Prix,839.0,4.0,19.0,8.5,-4.5
17.0,3,1141,2024,São Paulo Grand Prix,848.0,7.0,3.0,11.5,-4.5
17.0,3,1141,2024,São Paulo Grand Prix,861.0,16.0,4.0,11.5,4.5
44.0,215,1141,2024,São Paulo Grand Prix,859.0,5.0,12.0,4.0,1.0
44.0,215,1141,2024,São Paulo Grand Prix,852.0,3.0,14.0,4.0,-1.0
46.0,210,1141,2024,São Paulo Grand Prix,807.0,17.0,1.0,16.0,1.0
46.0,210,1141,2024,São Paulo Grand Prix,860.0,15.0,9.0,16.0,-1.0
0.0,15,1141,2024,São Paulo Grand Prix,855.0,19.0,6.0,15.0,4.0
49.0,214,1141,2024,São Paulo Grand Prix,842.0,13.0,18.0,8.5,4.5
86.0,117,1141,2024,São Paulo Grand Prix,840.0,10.0,2.0,9.5,0.5
593.0,1,1141,2024,São Paulo Grand Prix,857.0,8.0,13.0,4.5,3.5
593.0,1,1141,2024,São Paulo Grand Prix,846.0,1.0,15.0,4.5,-3.5
382.0,131,1141,2024,São Paulo Grand Prix,1.0,14.0,11.0,8.0,6.0
382.0,131,1141,2024,São Paulo Grand Prix,847.0,2.0,17.0,8.0,-6.0
557.0,6,1141,2024,São Paulo Grand Prix,832.0,20.0,5.0,3.0,-3.0
557.0,6,1141,2024,São Paulo Grand Prix,844.0,6.0,16.0,3.0,3.0
544.0,9,1141,2024,São Paulo Grand Prix,815.0,12.0,10.0,14.5,-2.5
544.0,9,1141,2024,São Paulo Grand Prix,830.0,17.0,20.0,14.5,2.5
86.0,117,1141,2024,São Paulo Grand Prix,4.0,9.0,7.0,9.5,-0.5
50.0,210,1142,2024,Las Vegas Grand Prix,807.0,9.0,13.0,10.5,-1.5
50.0,210,1142,2024,Las Vegas Grand Prix,825.0,12.0,9.0,10.5,1.5
46.0,215,1142,2024,Las Vegas Grand Prix,852.0,7.0,12.0,10.5,-3.5
49.0,214,1142,2024,Las Vegas Grand Prix,842.0,3.0,1.0,7.0,-4.0
49.0,214,1142,2024,Las Vegas Grand Prix,839.0,11.0,4.0,7.0,4.0
17.0,3,1142,2024,Las Vegas Grand Prix,861.0,20.0,7.0,8.5,-8.5
17.0,3,1142,2024,Las Vegas Grand Prix,848.0,17.0,2.0,8.5,8.5
0.0,15,1142,2024,Las Vegas Grand Prix,822.0,19.0,3.0,16.0,3.0
46.0,215,1142,2024,Las Vegas Grand Prix,859.0,14.0,5.0,10.5,3.5
0.0,15,1142,2024,Las Vegas Grand Prix,855.0,13.0,8.0,16.0,-3.0
425.0,131,1142,2024,Las Vegas Grand Prix,847.0,1.0,20.0,5.5,-4.5
86.0,117,1142,2024,Las Vegas Grand Prix,4.0,16.0,10.0,17.0,-1.0
608.0,1,1142,2024,Las Vegas Grand Prix,857.0,8.0,14.0,7.0,1.0
608.0,1,1142,2024,Las Vegas Grand Prix,846.0,6.0,15.0,7.0,-1.0
425.0,131,1142,2024,Las Vegas Grand Prix,1.0,10.0,19.0,5.5,4.5
584.0,6,1142,2024,Las Vegas Grand Prix,844.0,4.0,17.0,3.0,1.0
584.0,6,1142,2024,Las Vegas Grand Prix,832.0,2.0,18.0,3.0,-1.0
555.0,9,1142,2024,Las Vegas Grand Prix,815.0,15.0,11.0,10.0,5.0
555.0,9,1142,2024,Las Vegas Grand Prix,830.0,5.0,16.0,10.0,-5.0
86.0,117,1142,2024,Las Vegas Grand Prix,840.0,18.0,6.0,17.0,1.0
54.0,210,1143,2024,Qatar Grand Prix,825.0,10.0,12.0,14.0,-4.0
54.0,210,1143,2024,Qatar Grand Prix,807.0,18.0,5.0,14.0,4.0
46.0,215,1143,2024,Qatar Grand Prix,852.0,14.0,8.0,15.5,-1.5
59.0,214,1143,2024,Qatar Grand Prix,839.0,20.0,1.0,15.5,4.5
17.0,3,1143,2024,Qatar Grand Prix,861.0,19.0,2.0,17.5,1.5
59.0,214,1143,2024,Qatar Grand Prix,842.0,11.0,16.0,15.5,-4.5
4.0,15,1143,2024,Qatar Grand Prix,822.0,13.0,10.0,12.5,0.5
17.0,3,1143,2024,Qatar Grand Prix,848.0,16.0,6.0,17.5,-1.5
4.0,15,1143,2024,Qatar Grand Prix,855.0,12.0,13.0,12.5,-0.5
46.0,215,1143,2024,Qatar Grand Prix,859.0,17.0,7.0,15.5,1.5
92.0,117,1143,2024,Qatar Grand Prix,4.0,8.0,14.0,11.5,-3.5
640.0,1,1143,2024,Qatar Grand Prix,846.0,3.0,11.0,3.5,-0.5
640.0,1,1143,2024,Qatar Grand Prix,857.0,4.0,18.0,3.5,0.5
446.0,131,1143,2024,Qatar Grand Prix,1.0,6.0,9.0,3.5,2.5
446.0,131,1143,2024,Qatar Grand Prix,847.0,1.0,17.0,3.5,-2.5
619.0,6,1143,2024,Qatar Grand Prix,832.0,7.0,15.0,6.0,1.0
619.0,6,1143,2024,Qatar Grand Prix,844.0,5.0,19.0,6.0,-1.0
581.0,9,1143,2024,Qatar Grand Prix,815.0,9.0,4.0,5.5,3.5
581.0,9,1143,2024,Qatar Grand Prix,830.0,2.0,20.0,5.5,-3.5
92.0,117,1143,2024,Qatar Grand Prix,840.0,15.0,3.0,11.5,3.5
4.0,15,1144,2024,Abu Dhabi Grand Prix,822.0,9.0,3.0,12.0,-3.0
58.0,210,1144,2024,Abu Dhabi Grand Prix,807.0,7.0,13.0,10.5,-3.5
58.0,210,1144,2024,Abu Dhabi Grand Prix,825.0,14.0,5.0,10.5,3.5
17.0,3,1144,2024,Abu Dhabi Grand Prix,861.0,20.0,2.0,19.0,1.0
46.0,215,1144,2024,Abu Dhabi Grand Prix,859.0,12.0,4.0,11.5,0.5
17.0,3,1144,2024,Abu Dhabi Grand Prix,848.0,18.0,10.0,19.0,-1.0
4.0,15,1144,2024,Abu Dhabi Grand Prix,855.0,15.0,8.0,12.0,3.0
46.0,215,1144,2024,Abu Dhabi Grand Prix,852.0,11.0,9.0,11.5,-0.5
94.0,117,1144,2024,Abu Dhabi Grand Prix,840.0,13.0,7.0,10.5,2.5
468.0,131,1144,2024,Abu Dhabi Grand Prix,1.0,16.0,17.0,11.0,5.0
666.0,1,1144,2024,Abu Dhabi Grand Prix,857.0,2.0,11.0,1.5,0.5
666.0,1,1144,2024,Abu Dhabi Grand Prix,846.0,1.0,20.0,1.5,-0.5
468.0,131,1144,2024,Abu Dhabi Grand Prix,847.0,6.0,16.0,11.0,-5.0
652.0,6,1144,2024,Abu Dhabi Grand Prix,844.0,19.0,18.0,11.0,8.0
652.0,6,1144,2024,Abu Dhabi Grand Prix,832.0,3.0,19.0,11.0,-8.0
589.0,9,1144,2024,Abu Dhabi Grand Prix,815.0,10.0,1.0,7.0,3.0
589.0,9,1144,2024,Abu Dhabi Grand Prix,830.0,4.0,15.0,7.0,-3.0
65.0,214,1144,2024,Abu Dhabi Grand Prix,842.0,5.0,14.0,11.0,-6.0
94.0,117,1144,2024,Abu Dhabi Grand Prix,4.0,8.0,12.0,10.5,-2.5
65.0,214,1144,2024,Abu Dhabi Grand Prix,862.0,17.0,6.0,11.0,6.0
